Drone ID,Application,Drone Size,Drone Model,Manufacturer,Propeller Count,Max Carry Weight (kg),Actual Carry Weight (kg),Payload Type,Payload Description,Altitude (meters),Flight Duration (minutes),Distance Flown (km),Operator ID,Flight Date,Battery Remaining (%),GPS Accuracy (meters),Wind Speed (m/s),Obstacles Encountered,Flight Status,Regulatory Approval ID,Notes
D001,Package Delivery,Medium,FlyHigh 300,AeroCorp,4,5,2.5,Package,"Small consumer goods",50,25,8,OP001,2025-03-20,85,2.1,3.5,No,Completed,REG-2025-ABC-123,"Urban delivery, light package, good weather"
D002,Infrastructure Inspection,Large,Inspecta X,SkyView Inc.,6,15,8,"Camera, Sensor","High-resolution camera, thermal sensor",120,45,15,OP002,2025-03-21,68,1.8,6.2,Yes,Completed,REG-2025-DEF-456,"Bridge inspection, carried specialized equipment"
D003,Agricultural Spraying,Large,CropMaster,AgriDrones,8,20,18,"Liquid Tank",Pesticide solution,30,30,10,OP003,2025-03-22,40,3.5,7.8,Yes,Completed,REG-2025-GHI-789,"Field spraying, full tank, moderate wind"
D004,Aerial Photography,Small,SnapShot Mini,PhotoFly,4,1,0.5,Camera,"Lightweight action camera",80,20,5,OP004,2025-03-23,92,1.2,2.1,No,Completed,REG-2025-JKL-012,"Recreational use, clear skies"
D005,Surveillance,Medium,Watcher Pro,SecureTech,4,7,3,"Camera, Sensor","Infrared camera, motion detection sensor",100,60,12,OP005,2025-03-24,55,2.5,4.9,No,Completed,REG-2025-MNO-345,"Security patrol, nighttime operation"
D006,Surveying,Medium,MapMaker Z,GeoSurv,6,10,6,"LiDAR System","Light Detection and Ranging system",70,35,9,OP006,2025-03-25,78,1.5,3.1,No,Completed,REG-2025-PQR-678,"Land mapping, precise data collection"
D007,Search and Rescue,Large,Guardian SR,RescueFly,8,12,5,"Camera, Beacon","Thermal camera, emergency locator beacon",150,50,18,OP007,2025-03-26,62,2.8,5.5,Yes,Completed,REG-2025-STU-901,"Searching for missing person in forested area"
D008,Film Production,Large,CineDrone X,FilmCraft,8,18,10,Camera,"Professional cinema camera with gimbal",60,40,7,OP008,2025-03-27,70,2,4.2,No,Completed,REG-2025-VWX-234,"Filming aerial shots for a movie"
D009,Environmental Monitoring,Small,AirProbe 1,EnviroTech,4,2,1.2,Sensor,"Air quality sampling device",40,28,6,OP009,2025-03-28,88,1.1,2.7,No,Completed,REG-2025-YZA-567,"Collecting air pollution data over urban area"
D010,Warehouse Inventory,Small,StockChecker,InventoryAI,4,3,1.5,Scanner,"Barcode and RFID scanner",15,30,4,OP010,2025-03-29,75,0.9,1.5,No,Completed,REG-2025-BCD-890,"Indoor inventory management"
D011,Package Delivery,Small,SwiftWing,DeliveryNow,4,2,1,Package,"Small documents",60,18,5,OP011,2025-03-19,95,1.3,2.9,No,Completed,REG-2025-EFG-123,"Express document delivery"
D012,Bridge Inspection,Medium,ViewMax 500,Inspecta X,4,8,4.5,Camera,"High-definition camera",90,38,12,OP002,2025-03-18,60,2.2,5.8,Yes,Completed,REG-2025-HIJ-456,"Routine bridge structure assessment"
D013,Crop Monitoring,Small,Agri Scout,AgriDrones,4,1.5,0.8,Camera,"Multispectral camera for plant health analysis",45,22,7,OP003,2025-03-17,80,1,3.3,No,Completed,REG-2025-KLM-789,"Assessing crop health in a small farm"
D014,Real Estate Photography,Small,SkyLens,PhotoFly,4,1.2,0.6,Camera,"Wide-angle camera for property showcasing",75,25,4,OP004,2025-03-16,88,1.6,2.5,No,Completed,REG-2025-NOP-012,"Taking aerial photos of a residential property"
D015,Power Line Inspection,Medium,VoltGuard,SkyView Inc.,6,9,5,"Camera, Sensor","Corona discharge camera, infrared thermometer",110,55,16,OP002,2025-03-15,50,2.9,7.1,Yes,Completed,REG-2025-QRS-345,"Inspecting high-voltage power lines"
D016,Traffic Monitoring,Medium,TrafficEye,SecureTech,4,6,2.8,Camera,"Real-time video camera for traffic analysis",85,40,10,OP005,2025-03-14,72,1.9,4.5,No,Completed,REG-2025-TUV-678,"Monitoring traffic flow on a major highway"
D017,Wind Turbine Inspection,Large,BladeChecker,AeroCorp,6,16,9,Camera,"High-resolution camera for blade damage assessment",160,65,20,OP002,2025-03-13,45,3.2,8.5,Yes,Completed,REG-2025-WXY-901,"Inspecting wind turbine blades"
D018,Construction Site Survey,Medium,SiteScan,GeoSurv,6,11,7.5,"Camera, GPS","High-resolution camera, GPS for site mapping",55,30,8,OP006,2025-03-12,81,1.4,2.8,No,Completed,REG-2025-ZAB-234,"Surveying progress on a construction project"
D019,Event Coverage,Small,EventFlyer,PhotoFly,4,1.8,1,Camera,"Compact camera for capturing event footage",95,32,6,OP004,2025-03-11,90,1.7,3.9,No,Completed,REG-2025-CDE-567,"Recording an outdoor music festival"
D020,Delivery to Remote Area,Medium,LongHaul 400,DeliveryNow,6,10,4,Package,"Medical supplies",70,50,25,OP011,2025-03-10,58,2.6,5.1,No,Completed,REG-2025-FGH-890,"Delivering supplies to a remote island village"
D021,Pipeline Inspection,Large,PipePatrol,SkyView Inc.,6,14,7,"Camera, Sensor","Infrared camera, gas leak detector",40,58,18,OP002,2025-03-09,73,2.3,6.8,Yes,Completed,REG-2025-IJK-123,"Inspecting oil and gas pipelines"
D022,Precision Agriculture,Small,FarmPilot,AgriDrones,4,2.5,1.3,Sensor,"Soil moisture and nutrient sensors",35,26,9,OP003,2025-03-08,82,1.2,3.7,No,Completed,REG-2025-LMN-456,"Collecting data for precision farming"
D023,Wildlife Monitoring,Small,NatureWatch,EnviroTech,4,1.5,0.7,Camera,"Low-light camera for observing wildlife",100,45,15,OP009,2025-03-07,65,1.9,4.1,Yes,Completed,REG-2025-OPQ-789,"Monitoring animal populations in a nature reserve"
D024,Emergency Response,Large,FirstResponder,RescueFly,8,13,6,"Camera, Speaker","Thermal camera, loudspeaker for communication",130,48,11,OP007,2025-03-06,52,2.7,5.9,Yes,Completed,REG-2025-RST-012,"Assessing damage after a natural disaster"
D025,Product Photography,Small,StudioShot,PhotoFly,4,1,0.4,Camera,"High-resolution camera for product showcasing",50,15,3,OP004,2025-03-05,98,0.8,1.9,No,Completed,REG-2025-UVW-345,"Taking aerial product shots for advertising"
D026,Package Delivery,Medium,FlyHigh 300,AeroCorp,4,5,6,Package,"Fragile electronics",45,22,7,OP001,2025-03-04,70,2.3,4,No,Aborted,REG-2025-XYZ-678,"Overweight package, flight aborted"
D028,Agricultural Spraying,Large,CropMaster,AgriDrones,8,20,25,"Liquid Tank",Fertilizer solution,25,35,12,OP003,2025-03-02,35,4,8.1,Yes,"Landed Unexpectedly",REG-2025-DEF-234,"Empty tank, unexpected landing in field"
D030,Surveillance,Medium,Watcher Pro,SecureTech,4,7,3.5,"Camera, Sensor","Night vision camera, audio recorder",90,,11,OP005,2025-02-28,60,2.7,4.7,No,Completed,REG-2025-JKL-890,"Missing flight duration"
D031,Surveying,Medium,MapMaker Z,GeoSurv,6,10,6.8,"LiDAR System","Advanced LiDAR system",65,40,10,OP006,2025-02-27,88,1.3,3,No,Completed,REG-2025-MNO-123,
D032,Search and Rescue,Large,Guardian SR,RescueFly,8,12,5.5,"Camera, Beacon","Enhanced thermal camera, strobe light",140,55,20,OP007,2025-02-26,70,3,5.8,Yes,Completed,REG-2025-PQR-456,"Night search operation"
D033,Film Production,Large,CineDrone X,FilmCraft,8,18,19,Camera,"High-end cinema camera with multiple lenses",50,38,6,OP008,2025-02-25,65,2.1,4.5,No,Aborted,REG-2025-STU-789,"Exceeded max carry weight, aborted takeoff"
D034,Environmental Monitoring,Small,AirProbe 1,EnviroTech,4,2,1,Sensor,"Particulate matter sensor",30,30,7,OP009,2025-02-24,95,1,2.5,No,Completed,REG-2025-VWX-012,
D035,Warehouse Inventory,Small,StockChecker,InventoryAI,4,3,2,Scanner,"3D barcode scanner",20,25,3,OP010,2025-02-23,80,0.7,1.2,No,Completed,REG-2025-YZA-345,
D036,Package Delivery,Small,SwiftWing,DeliveryNow,4,2,1.3,Package,"Perishable goods",70,20,6,OP011,2025-02-22,98,1.5,3.1,No,Completed,REG-2025-BCD-678,
D037,Bridge Inspection,Medium,ViewMax 500,Inspecta X,4,8,4,Camera,"High-zoom camera",85,42,14,OP002,2025-02-21,55,2.4,6,Yes,Completed,REG-2025-EFG-901,
D038,Crop Monitoring,Small,Agri Scout,AgriDrones,4,1.5,0.9,Camera,"Thermal imaging camera for irrigation assessment",40,24,8,OP003,2025-02-20,85,1.1,3.5,No,Completed,REG-2025-HIJ-234,
D039,Real Estate Photography,Small,SkyLens,PhotoFly,4,1.2,0.7,Camera,"360-degree camera",80,30,5,OP004,2025-02-19,91,1.8,2.3,No,Completed,REG-2025-KLM-567,
D040,Power Line Inspection,Medium,VoltGuard,SkyView Inc.,6,9,5.2,"Camera, Sensor","UV camera, acoustic sensor",105,60,17,OP002,2025-02-18,48,3,7.5,Yes,Completed,REG-2025-NOP-890,
D041,Package Delivery,Small,SwiftWing,DeliveryNow,4,2,0.9,Package,Books,75,15,4,OP012,2025-04-01,91,1.6,2.8,No,Completed,REG-2025-IJK-789,
D042,Infrastructure Inspection,Medium,ViewMax 500,Inspecta X,4,8,5.2,Camera,"Zoom lens camera",105,40,13,OP002,2025-04-02,63,2,5.1,Yes,Completed,REG-2025-LMN-012,
D043,Agricultural Spraying,Large,CropMaster,AgriDrones,8,20,16,"Liquid Tank","Organic fertilizer",35,32,11,OP003,2025-04-03,48,3,7,No,Completed,REG-2025-OPQ-345,
D044,Aerial Photography,Small,SnapShot Mini,PhotoFly,4,1,0.3,Camera,"Infrared camera",90,18,6,OP004,2025-04-04,95,1,1.9,No,Completed,REG-2025-RST-678,
D045,Surveillance,Medium,Watcher Pro,SecureTech,4,7,4.1,Sensor,"Noise detection sensor",110,55,10,OP005,2025-04-05,58,2.3,4.5,No,Completed,REG-2025-UVW-901,
D046,Surveying,Medium,MapMaker Z,GeoSurv,6,10,7.3,GPS,"High-precision GPS module",60,38,8,OP006,2025-04-06,79,1.4,3.2,No,Completed,REG-2025-XYZ-234,
D047,Search and Rescue,Large,Guardian SR,RescueFly,8,12,4.8,Speaker,Megaphone,145,48,17,OP007,2025-04-07,65,2.6,5.3,Yes,Completed,REG-2025-ABC-567,
D048,Film Production,Large,CineDrone X,FilmCraft,8,18,11.5,Camera,"Stabilized camera rig",55,42,9,OP008,2025-04-08,72,1.9,4,No,Completed,REG-2025-DEF-890,
D049,Environmental Monitoring,Small,AirProbe 1,EnviroTech,4,2,0.9,Sensor,"Temperature and humidity sensor",38,25,5,OP009,2025-04-09,89,1.2,2.5,No,Completed,REG-2025-GHI-123,
D050,Warehouse Inventory,Small,StockChecker,InventoryAI,4,3,1.8,"RFID Reader","Long-range RFID reader",18,28,3,OP010,2025-04-10,77,0.8,1.3,No,Completed,REG-2025-JKL-456,
D051,Package Delivery,Small,SwiftWing,DeliveryNow,4,2,1.2,Package,"Birthday gift",62,17,4.5,OP012,2025-04-11,93,1.5,2.7,No,Completed,REG-2025-MNO-789,
D052,Aerial Photography,Small,SnapShot Mini,PhotoFly,4,1,0.5,Camera,"Neutral density filters",84,20,5.5,OP004,2025-04-12,90,1.1,2.1,No,Completed,REG-2025-OPQ-012,
D053,Agricultural Spraying,Large,CropMaster,AgriDrones,8,20,16.8,"Liquid Tank","Water for testing",33,30,9.5,OP003,2025-04-13,46,3.2,7.1,Yes,Completed,REG-2025-RST-345,
D054,Package Delivery,Medium,FlyHigh 300,AeroCorp,4,5,2.8,Package,"Office supplies",70,23,7.5,OP013,2025-04-14,86,1.9,3.4,No,Completed,REG-2025-UVW-678,
D055,Aerial Photography,Small,SnapShot Mini,PhotoFly,4,1,0.6,Camera,"Polarizing filter",89,22,6.2,OP004,2025-04-15,97,1.4,2.4,No,Completed,REG-2025-XYZ-901,
D056,Infrastructure Inspection,Medium,ViewMax 500,Inspecta X,4,8,4.3,Camera,"Infrared camera for heat detection",102,39,12.5,OP002,2025-04-16,61,2.5,5.7,Yes,Completed,REG-2025-ABC-234,
D057,Agricultural Spraying,Large,CropMaster,AgriDrones,8,20,17.2,"Liquid Tank","Plant growth hormone",29,34,10.5,OP003,2025-04-17,43,3.4,7.6,No,Completed,REG-2025-DEF-567,
D058,Package Delivery,Medium,FlyHigh 300,AeroCorp,4,5,2.1,Package,"Small appliances",65,21,6.8,OP013,2025-04-18,89,1.7,3.1,No,Completed,REG-2025-GHI-890,
D059,Aerial Photography,Small,SnapShot Mini,PhotoFly,4,1,0.4,Camera,"Wide-angle lens",81,18,5.8,OP004,2025-04-19,94,1.2,2.2,No,Completed,REG-2025-JKL-123,
D060,Infrastructure Inspection,Medium,ViewMax 500,Inspecta X,4,8,5.1,Sensor,"Acoustic emission sensor",107,42,13.2,OP002,2025-04-20,67,2.2,5.2,Yes,Completed,REG-2025-MNO-456,
D061,Package Delivery,Small,SwiftWing,DeliveryNow,4,2,1.5,Package,"Medicine",72,19,5.2,OP011,2025-04-21,96,1.4,2.8,No,Completed,REG-2025-PQR-789,
D062,Aerial Photography,Small,SnapShot Mini,PhotoFly,4,1,0.7,Camera,"Time-lapse camera",86,23,6.5,OP004,2025-04-22,91,1.3,2.5,No,Completed,REG-2025-STU-012,
D063,Agricultural Spraying,Large,CropMaster,AgriDrones,8,20,17.8,"Liquid Tank","Nutrient solution",31,33,10.2,OP003,2025-04-23,41,3.3,7.4,Yes,Completed,REG-2025-VWX-345,
D064,Package Delivery,Medium,FlyHigh 300,AeroCorp,4,5,2.6,Package,"Consumer electronics",69,24,7.1,OP013,2025-04-24,87,1.8,3.3,No,Completed,REG-2025-XYZ-678,
D065,Aerial Photography,Small,SnapShot Mini,PhotoFly,4,1,0.2,Camera,"Action camera",83,17,5.9,OP004,2025-04-25,99,1,2,No,Completed,REG-2025-ABC-901,
D066,Infrastructure Inspection,Medium,ViewMax 500,Inspecta X,4,8,4.7,Camera,"High-resolution still camera",105,40,12.8,OP002,2025-04-26,63,2.4,5.9,Yes,Completed,REG-2025-DEF-234,
D067,Agricultural Spraying,Large,CropMaster,AgriDrones,8,20,18.5,"Liquid Tank","Defoliant",27,36,11.5,OP003,2025-04-27,39,3.6,7.9,Yes,Completed,REG-2025-GHI-567,
D068,Package Delivery,Medium,FlyHigh 300,AeroCorp,4,5,2.9,Package,"Documents",71,26,8.2,OP013,2025-04-28,84,2,3.6,No,Completed,REG-2025-JKL-890,
D069,Aerial Photography,Small,SnapShot Mini,PhotoFly,4,1,0.8,Camera,"Zoom lens",87,21,6.8,OP004,2025-04-29,92,1.5,2.6,No,Completed,REG-2025-MNO-123,
D070,Infrastructure Inspection,Medium,ViewMax 500,Inspecta X,4,8,5.3,Sensor,"Magnetic particle inspection sensor",111,43,13.5,OP002,2025-04-30,69,2.1,5.4,Yes,Completed,REG-2025-OPQ-456,
D071,Power Line Inspection,Medium,VoltGuard,SkyView Inc.,6,9,5,Camera,UV inspection camera,100,58,15,OP002,2025-04-20,52,2.8,6.8,Yes,Completed,REG-2025-VWX-789,
D072,Traffic Monitoring,Medium,TrafficEye,SecureTech,4,6,3.1,Camera,"License plate recognition camera",80,35,9,OP005,2025-04-21,75,1.7,4.2,No,Completed,REG-2025-XYZ-012,
D073,Wind Turbine Inspection,Large,BladeChecker,AeroCorp,6,16,8.5,Camera,"High-resolution video camera",155,70,22,OP002,2025-04-22,40,3.1,8,Yes,Completed,REG-2025-ABC-345,
D075,Event Coverage,Small,EventFlyer,PhotoFly,4,1.8,0.8,Camera,"360-degree video camera",90,28,5,OP004,2025-04-24,92,1.9,3.7,No,Completed,REG-2025-GHI-901,
D076,Delivery to Remote Area,Medium,LongHaul 400,DeliveryNow,6,10,3.5,Package,"Emergency rations",65,55,28,OP011,2025-04-25,60,2.5,4.8,No,Completed,REG-2025-JKL-234,
D077,Pipeline Inspection,Large,PipePatrol,SkyView Inc.,6,14,6.5,Sensor,"Ultrasonic leak detector",35,60,20,OP002,2025-04-26,78,2.2,6.5,Yes,Completed,REG-2025-MNO-567,
D078,Precision Agriculture,Small,FarmPilot,AgriDrones,4,2.5,1.1,Sensor,"Leaf area index sensor",42,24,8,OP003,2025-04-27,87,1.3,3.9,No,Completed,REG-2025-OPQ-890,
D079,Wildlife Monitoring,Small,NatureWatch,EnviroTech,4,1.5,0.6,Camera,Trail camera,105,50,16,OP009,2025-04-28,68,1.7,4.3,Yes,Completed,REG-2025-RST-123,
D080,Emergency Response,Large,FirstResponder,RescueFly,8,13,5.9,"First Aid Kit","Basic medical supplies",135,45,10,OP007,2025-04-29,55,2.9,5.7,Yes,Completed,REG-2025-UVW-456,
D081,Product Photography,Small,StudioShot,PhotoFly,4,1,0.5,Camera,"Macro lens camera",48,16,4,OP004,2025-04-30,96,0.9,2.1,No,Completed,REG-2025-XYZ-789,
D082,Package Delivery,Medium,FlyHigh 300,AeroCorp,4,5,,Package,Documents,65,20,6,OP012,2025-05-01,80,2,3.8,No,Completed,REG-2025-ABC-012,
D083,Infrastructure Inspection,Large,Inspecta X,SkyView Inc.,6,15,9.1,"Camera, Sensor","Thermal and visual camera",118,48,14,OP002,2025-05-02,71,1.6,5.3,Yes,Completed,REG-2025-DEF-345,
D084,Agricultural Spraying,Large,CropMaster,AgriDrones,8,20,22,"Liquid Tank","Water for irrigation testing",30,28,9,OP003,2025-05-03,38,3.3,7.5,Yes,Aborted,REG-2025-GHI-678,"Overweight, aborted takeoff"
D085,Aerial Photography,Small,SnapShot Mini,PhotoFly,4,1,-0.1,Camera,"Fisheye lens camera",85,15,3,OP004,2025-05-04,99,1.1,2,No,Completed,REG-2025-JKL-901,"Invalid weight"
D086,Surveillance,Medium,Watcher Pro,SecureTech,4,7,3,Camera,"Low-light video camera",105,,11,OP005,2025-05-05,62,2.6,4.9,No,Completed,REG-2025-MNO-234,"Missing flight duration"
D087,Surveying,Medium,MapMaker Z,GeoSurv,6,10,6.5,"LiDAR System","Compact LiDAR unit",75,33,7,OP006,2025-05-06,81,1.2,3.5,No,Completed,REG-2025-OPQ-567,
D088,Search and Rescue,Large,Guardian SR,RescueFly,8,12,5.1,"Communication Device","Two-way radio repeater",140,52,19,OP007,2025-05-07,67,2.7,5.6,Yes,Completed,REG-2025-RST-890,
D089,Film Production,Large,CineDrone X,FilmCraft,8,18,20,Camera,"VR camera rig",58,35,5,OP008,2025-05-08,78,2,4.3,No,"Landed Unexpectedly",REG-2025-UVW-123,"Battery failure"
D090,Environmental Monitoring,Small,AirProbe 1,EnviroTech,4,2,1.1,Sensor,"Ozone sensor",32,27,6,OP009,2025-05-09,90,1.4,2.6,No,Completed,REG-2025-XYZ-456,
D091,Warehouse Inventory,Small,StockChecker,InventoryAI,4,3,1.9,"Weight Sensor","Precision weight scale",16,29,4,OP010,2025-05-10,73,0.9,1.4,No,Completed,REG-2025-ABC-789,
D092,Package Delivery,Small,SwiftWing,DeliveryNow,4,2,1,Package,"Small documents",60,18,5,OP011,2025-03-19,95,1.3,2.9,No,Completed,REG-2025-EFG-123,
D093,Bridge Inspection,Medium,ViewMax 500,Inspecta X,4,8,4.5,Camera,"High-definition camera",90,38,12,OP002,2025-03-18,60,2.2,5.8,Yes,Completed,REG-2025-HIJ-456,
D094,Crop Monitoring,Small,Agri Scout,AgriDrones,4,1.5,0.8,Camera,"Multispectral camera for plant health analysis",45,22,7,OP003,2025-03-17,80,1,3.3,No,Completed,REG-2025-KLM-789,
D095,Real Estate Photography,Small,SkyLens,PhotoFly,4,1.2,0.6,Camera,"Wide-angle camera for property showcasing",75,25,4,OP004,2025-03-16,88,1.6,2.5,No,Completed,REG-2025-NOP-012,
D096,Power Line Inspection,Medium,VoltGuard,SkyView Inc.,6,9,5,"Camera, Sensor","Corona discharge camera, infrared thermometer",110,55,16,OP002,2025-03-15,50,2.9,7.1,Yes,Completed,REG-2025-QRS-345,"Inspecting high-voltage power lines"
D097,Traffic Monitoring,Medium,TrafficEye,SecureTech,4,6,2.8,Camera,"Real-time video camera for traffic analysis",85,40,10,OP005,2025-03-14,72,1.9,4.5,No,Completed,REG-2025-TUV-678,"Monitoring traffic flow on a major highway"
D098,Wind Turbine Inspection,Large,BladeChecker,AeroCorp,6,16,9,Camera,"High-resolution camera for blade damage assessment",160,65,20,OP002,2025-03-13,45,3.2,8.5,Yes,Completed,REG-2025-WXY-901,"Inspecting wind turbine blades"
D099,Construction Site Survey,Medium,SiteScan,GeoSurv,6,11,7.5,"Camera, GPS","High-resolution camera, GPS for site mapping",55,30,8,OP006,2025-03-12,81,1.4,2.8,No,Completed,REG-2025-ZAB-234,"Surveying progress on a construction project"
D100,Event Coverage,Small,EventFlyer,PhotoFly,4,1.8,1,Camera,"Compact camera for capturing event footage",95,32,6,OP004,2025-03-11,90,1.7,3.9,No,Completed,REG-2025-CDE-567,"Recording an outdoor music festival"
D101,Delivery to Remote Area,Medium,LongHaul 400,DeliveryNow,6,10,4,Package,"Medical supplies",70,50,25,OP011,2025-03-10,58,2.6,5.1,No,Completed,REG-2025-FGH-890,"Delivering supplies to a remote island village"
D102,Pipeline Inspection,Large,PipePatrol,SkyView Inc.,6,14,7,"Camera, Sensor","Infrared camera, gas leak detector",40,58,18,OP002,2025-03-09,73,2.3,6.8,Yes,Completed,REG-2025-IJK-123,"Inspecting oil and gas pipelines"
D103,Precision Agriculture,Small,FarmPilot,AgriDrones,4,2.5,1.3,Sensor,"Soil moisture and nutrient sensors",35,26,9,OP003,2025-03-08,82,1.2,3.7,No,Completed,REG-2025-LMN-456,"Collecting data for precision farming"
D104,Wildlife Monitoring,Small,NatureWatch,EnviroTech,4,1.5,0.7,Camera,"Low-light camera for observing wildlife",100,45,15,OP009,2025-03-07,65,1.9,4.1,Yes,Completed,REG-2025-OPQ-789,"Monitoring animal populations in a nature reserve"
D105,Emergency Response,Large,FirstResponder,RescueFly,8,13,6,"Camera, Speaker","Thermal camera, loudspeaker for communication",130,48,11,OP007,2025-03-06,52,2.7,5.9,Yes,Completed,REG-2025-RST-012,"Assessing damage after a natural disaster"
D106,Product Photography,Small,StudioShot,PhotoFly,4,1,0.4,Camera,"High-resolution camera for product showcasing",50,15,3,OP004,2025-03-05,98,0.8,1.9,No,Completed,REG-2025-UVW-345,"Taking aerial product shots for advertising"
D107,Package Delivery,Small,SwiftWing,DeliveryNow,4,2,0.9,Package,Books,75,15,4,OP012,2025-04-01,91,1.6,2.8,No,Completed,REG-2025-IJK-789,
D108,Infrastructure Inspection,Medium,ViewMax 500,Inspecta X,4,8,5.2,Camera,"Zoom lens camera",105,40,13,OP002,2025-04-02,63,2,5.1,Yes,Completed,REG-2025-LMN-012,
D109,Agricultural Spraying,Large,CropMaster,AgriDrones,8,20,16,"Liquid Tank","Organic fertilizer",35,32,11,OP003,2025-04-03,48,3,7,No,Completed,REG-2025-OPQ-345,
D110,Aerial Photography,Small,SnapShot Mini,PhotoFly,4,1,0.3,Camera,"Infrared camera",90,18,6,OP004,2025-04-04,95,1,1.9,No,Completed,REG-2025-RST-678,
D111,Surveillance,Medium,Watcher Pro,SecureTech,4,7,4.1,Sensor,"Noise detection sensor",110,55,10,OP005,2025-04-05,58,2.3,4.5,No,Completed,REG-2025-UVW-901,
D112,Surveying,Medium,MapMaker Z,GeoSurv,6,10,7.3,GPS,"High-precision GPS module",60,38,8,OP006,2025-04-06,79,1.4,3.2,No,Completed,REG-2025-XYZ-234,
D113,Search and Rescue,Large,Guardian SR,RescueFly,8,12,4.8,Speaker,Megaphone,145,48,17,OP007,2025-04-07,65,2.6,5.3,Yes,Completed,REG-2025-ABC-567,
D114,Film Production,Large,CineDrone X,FilmCraft,8,18,11.5,Camera,"Stabilized camera rig",55,42,9,OP008,2025-04-08,72,1.9,4,No,Completed,REG-2025-DEF-890,
D115,Environmental Monitoring,Small,AirProbe 1,EnviroTech,4,2,0.9,Sensor,"Temperature and humidity sensor",38,25,5,OP009,2025-04-09,89,1.2,2.5,No,Completed,REG-2025-GHI-123,
D116,Warehouse Inventory,Small,StockChecker,InventoryAI,4,3,1.8,"RFID Reader","Long-range RFID reader",18,28,3,OP010,2025-04-10,77,0.8,1.3,No,Completed,REG-2025-JKL-456,
D117,Package Delivery,Small,SwiftWing,DeliveryNow,4,2,1.2,Package,"Birthday gift",62,17,4.5,OP012,2025-04-11,93,1.5,2.7,No,Completed,REG-2025-MNO-789,
D118,Aerial Photography,Small,SnapShot Mini,PhotoFly,4,1,0.5,Camera,"Neutral density filters",84,20,5.5,OP004,2025-04-12,90,1.1,2.1,No,Completed,REG-2025-OPQ-012,
D119,Agricultural Spraying,Large,CropMaster,AgriDrones,8,20,16.8,"Liquid Tank","Water for testing",33,30,9.5,OP003,2025-04-13,46,3.2,7.1,Yes,Completed,REG-2025-RST-345,
D120,Package Delivery,Medium,FlyHigh 300,AeroCorp,4,5,2.8,Package,"Office supplies",70,23,7.5,OP013,2025-04-14,86,1.9,3.4,No,Completed,REG-2025-UVW-678,
D121,Aerial Photography,Small,SnapShot Mini,PhotoFly,4,1,0.6,Camera,"Polarizing filter",89,22,6.2,OP004,2025-04-15,97,1.4,2.4,No,Completed,REG-2025-XYZ-901,
D122,Infrastructure Inspection,Medium,ViewMax 500,Inspecta X,4,8,4.3,Camera,"Infrared camera for heat detection",102,39,12.5,OP002,2025-04-16,61,2.5,5.7,Yes,Completed,REG-2025-ABC-234,
D123,Agricultural Spraying,Large,CropMaster,AgriDrones,8,20,17.2,"Liquid Tank","Plant growth hormone",29,34,10.5,OP003,2025-04-17,43,3.4,7.6,No,Completed,REG-2025-DEF-567,
D124,Package Delivery,Medium,FlyHigh 300,AeroCorp,4,5,2.1,Package,"Small appliances",65,21,6.8,OP013,2025-04-18,89,1.7,3.1,No,Completed,REG-2025-GHI-890,
D125,Aerial Photography,Small,SnapShot Mini,PhotoFly,4,1,0.4,Camera,"Wide-angle lens",81,18,5.8,OP004,2025-04-19,94,1.2,2.2,No,Completed,REG-2025-JKL-123,
D126,Infrastructure Inspection,Medium,ViewMax 500,Inspecta X,4,8,5.1,Sensor,"Acoustic emission sensor",107,42,13.2,OP002,2025-04-20,67,2.2,5.2,Yes,Completed,REG-2025-MNO-456,
D127,Package Delivery,Small,SwiftWing,DeliveryNow,4,2,1.5,Package,"Medicine",72,19,5.2,OP011,2025-04-21,96,1.4,2.8,No,Completed,REG-2025-PQR-789,
D128,Aerial Photography,Small,SnapShot Mini,PhotoFly,4,1,0.7,Camera,"Time-lapse camera",86,23,6.5,OP004,2025-04-22,91,1.3,2.5,No,Completed,REG-2025-STU-012,
D129,Agricultural Spraying,Large,CropMaster,AgriDrones,8,20,17.8,"Liquid Tank","Nutrient solution",31,33,10.2,OP003,2025-04-23,41,3.3,7.4,Yes,Completed,REG-2025-VWX-345,
D130,Package Delivery,Medium,FlyHigh 300,AeroCorp,4,5,2.6,Package,"Consumer electronics",69,24,7.1,OP013,2025-04-24,87,1.8,3.3,No,Completed,REG-2025-XYZ-678,
D131,Aerial Photography,Small,SnapShot Mini,PhotoFly,4,1,0.2,Camera,"Action camera",83,17,5.9,OP004,2025-04-25,99,1,2,No,Completed,REG-2025-ABC-901,
D132,Infrastructure Inspection,Medium,ViewMax 500,Inspecta X,4,8,4.7,Camera,"High-resolution still camera",105,40,12.8,OP002,2025-04-26,63,2.4,5.9,Yes,Completed,REG-2025-DEF-234,
D133,Agricultural Spraying,Large,CropMaster,AgriDrones,8,20,18.5,"Liquid Tank",Defoliant,27,36,11.5,OP003,2025-04-27,39,3.6,7.9,Yes,Completed,REG-2025-GHI-567,
D134,Package Delivery,Medium,FlyHigh 300,AeroCorp,4,5,2.9,Package,Documents,71,26,8.2,OP013,2025-04-28,84,2,3.6,No,Completed,REG-2025-JKL-890,
D135,Aerial Photography,Small,SnapShot Mini,PhotoFly,4,1,0.8,Camera,"Zoom lens",87,21,6.8,OP004,2025-04-29,92,1.5,2.6,No,Completed,REG-2025-MNO-123,
D136,Power Line Inspection,Medium,VoltGuard,SkyView Inc.,6,9,4.8,"Camera, Sensor","Infrared and ultraviolet camera",108,56,14,OP002,2025-05-26,57,2.9,7.2,Yes,Completed,REG-2025-VWX-456,
D137,Traffic Monitoring,Medium,TrafficEye,SecureTech,4,6,2.9,Camera,"Vehicle speed detection camera",82,38,11,OP005,2025-05-27,70,1.8,4,No,Completed,REG-2025-XYZ-789,
D138,Wind Turbine Inspection,Large,BladeChecker,AeroCorp,6,16,9.5,Camera,"High-frame-rate camera",158,68,21,OP002,2025-05-28,43,3.2,8.3,Yes,Completed,REG-2025-ABC-012,
D139,Construction Site Survey,Medium,SiteScan,GeoSurv,6,11,7.2,"Camera, GPS","Total station integration",53,35,9,OP006,2025-05-29,80,1.6,3,No,Completed,REG-2025-DEF-345,
D140,Event Coverage,Small,EventFlyer,PhotoFly,4,1.8,0.9,Camera,"Live streaming camera",93,30,7,OP004,2025-05-30,94,1.7,3.8,No,Completed,REG-2025-GHI-678,
D141,Package Delivery,Medium,FlyHigh 300,AeroCorp,4,5,2.1,Package,"Clothing items",68,22,7,OP013,2025-05-01,88,1.8,3.2,No,Completed,REG-2025-DEF-901,
D142,Aerial Photography,Small,SnapShot Mini,PhotoFly,4,1,0.4,Camera,"Standard lens",82,19,5,OP004,2025-05-02,93,1.1,2,No,Completed,REG-2025-GHI-234,
D143,Agricultural Spraying,Large,CropMaster,AgriDrones,8,20,17.5,"Liquid Tank",Herbicide,32,31,10,OP003,2025-05-03,45,3.1,7.3,No,Completed,REG-2025-JKL-567,
D144,Package Delivery,Small,SwiftWing,DeliveryNow,4,2,1.2,Package,"Food delivery",70,16,4,OP011,2025-05-04,90,1.5,2.9,No,Completed,REG-2025-MNO-890,
D145,Aerial Photography,Small,SnapShot Mini,PhotoFly,4,1,0.6,Camera,"Telephoto lens",88,21,6,OP004,2025-05-05,96,1.3,2.3,No,Completed,REG-2025-OPQ-123,
D146,Infrastructure Inspection,Medium,ViewMax 500,Inspecta X,4,8,5.8,Camera,"Thermal imaging camera",108,38,12,OP002,2025-05-06,65,2.1,5,Yes,Completed,REG-2025-RST-456,
D147,Agricultural Spraying,Large,CropMaster,AgriDrones,8,20,19,"Liquid Tank",Fungicide,28,33,9,OP003,2025-05-07,42,3.5,7.8,Yes,Completed,REG-2025-UVW-789,
D148,Package Delivery,Medium,FlyHigh 300,AeroCorp,4,5,2.5,Package,"Electronics accessories",72,25,8,OP013,2025-05-08,85,1.7,3,No,Completed,REG-2025-XYZ-012,
D149,Aerial Photography,Small,SnapShot Mini,PhotoFly,4,1,0.3,Camera,"ND filters",85,20,7,OP004,2025-05-09,98,1,2.1,No,Completed,REG-2025-ABC-345,
D150,Infrastructure Inspection,Medium,ViewMax 500,Inspecta X,4,8,4.9,Sensor,"Gas leak sensor",112,41,14,OP002,2025-05-10,68,2.3,5.5,Yes,Completed,REG-2025-DEF-678,
D151,Package Delivery,Small,SwiftWing,DeliveryNow,4,2,1.3,Package,"Books",73,16,4.2,OP012,2025-05-11,92,1.6,2.9,No,Completed,REG-2025-GHI-901,
D152,Aerial Photography,Small,SnapShot Mini,PhotoFly,4,1,0.5,Camera,"Standard lens",81,18,5.2,OP004,2025-05-12,94,1.2,2.3,No,Completed,REG-2025-JKL-234,
D153,Agricultural Spraying,Large,CropMaster,AgriDrones,8,20,17.1,"Liquid Tank","Organic fertilizer",34,30,10.5,OP003,2025-05-13,47,3.1,7.2,No,Completed,REG-2025-MNO-567,
D154,Package Delivery,Small,SwiftWing,DeliveryNow,4,2,1.1,Package,"Food delivery",69,15,3.8,OP011,2025-05-14,89,1.4,2.6,No,Completed,REG-2025-OPQ-890,
D155,Aerial Photography,Small,SnapShot Mini,PhotoFly,4,1,0.7,Camera,"Telephoto lens",87,20,6.1,OP004,2025-05-15,95,1.3,2.1,No,Completed,REG-2025-RST-123,
D156,Infrastructure Inspection,Medium,ViewMax 500,Inspecta X,4,8,5.5,Camera,"Thermal imaging camera",109,37,11.8,OP002,2025-05-16,64,2.2,5.4,Yes,Completed,REG-2025-UVW-456,
D157,Agricultural Spraying,Large,CropMaster,AgriDrones,8,20,18.8,"Liquid Tank",Fungicide,27,32,8.8,OP003,2025-05-17,41,3.3,7.5,Yes,Completed,REG-2025-XYZ-789,
D158,Package Delivery,Medium,FlyHigh 300,AeroCorp,4,5,2.3,Package,"Electronics accessories",71,24,7.3,OP013,2025-05-18,87,1.8,3.2,No,Completed,REG-2025-ABC-012,
D159,Aerial Photography,Small,SnapShot Mini,PhotoFly,4,1,0.2,Camera,"ND filters",84,19,6.5,OP004,2025-05-19,97,1.1,2.2,No,Completed,REG-2025-DEF-345,
D160,Infrastructure Inspection,Medium,ViewMax 500,Inspecta X,4,8,4.6,Sensor,"Gas leak sensor",111,40,13.5,OP002,2025-05-20,69,2.4,5.7,Yes,Completed,REG-2025-GHI-678,
D161,Package Delivery,Small,SwiftWing,DeliveryNow,4,2,1.4,Package,"Medicine",70,18,4.9,OP011,2025-05-21,95,1.3,2.7,No,Completed,REG-2025-JKL-901,
D162,Aerial Photography,Small,SnapShot Mini,PhotoFly,4,1,0.8,Camera,"Time-lapse camera",85,22,6.8,OP004,2025-05-22,92,1.2,2.4,No,Completed,REG-2025-MNO-234,
D163,Agricultural Spraying,Large,CropMaster,AgriDrones,8,20,17.5,"Liquid Tank","Nutrient solution",32,31,10.8,OP003,2025-05-23,44,3.4,7.3,Yes,Completed,REG-2025-OPQ-567,
D164,Package Delivery,Medium,FlyHigh 300,AeroCorp,4,5,2.7,Package,"Consumer electronics",68,23,7.5,OP013,2025-05-24,88,1.9,3.4,No,Completed,REG-2025-RST-890,
D165,Aerial Photography,Small,SnapShot Mini,PhotoFly,4,1,0.3,Camera,"Action camera",82,16,5.5,OP004,2025-05-25,98,1.1,2.1,No,Completed,REG-2025-UVW-123,
D166,Infrastructure Inspection,Medium,ViewMax 500,Inspecta X,4,8,4.9,Camera,"High-resolution still camera",106,38,12.2,OP002,2025-05-26,62,2.3,5.8,Yes,Completed,REG-2025-XYZ-456,
D167,Agricultural Spraying,Large,CropMaster,AgriDrones,8,20,18.2,"Liquid Tank",Defoliant,28,35,11.2,OP003,2025-05-27,40,3.5,7.6,Yes,Completed,REG-2025-ABC-789,
D168,Package Delivery,Medium,FlyHigh 300,AeroCorp,4,5,2.2,Package,Documents,70,25,7.8,OP013,2025-05-28,85,2.1,3.5,No,Completed,REG-2025-DEF-901,
D169,Aerial Photography,Small,SnapShot Mini,PhotoFly,4,1,0.6,Camera,"Zoom lens",86,20,6.2,OP004,2025-05-29,93,1.4,2.3,No,Completed,REG-2025-GHI-234,
D170,Infrastructure Inspection,Medium,ViewMax 500,Inspecta X,4,8,5.2,Sensor,"Magnetic particle inspection sensor",110,42,13.8,OP002,2025-05-30,68,2.2,5.5,Yes,Completed,REG-2025-JKL-567,
D171,Power Line Inspection,Medium,VoltGuard,SkyView Inc.,6,9,5.1,Camera,"UV inspection camera",102,59,16,OP002,2025-05-21,55,2.7,6.9,Yes,Completed,REG-2025-MNO-890,
D172,Traffic Monitoring,Medium,TrafficEye,SecureTech,4,6,3,Camera,"License plate recognition camera",81,36,10,OP005,2025-05-22,78,1.6,4.1,No,Completed,REG-2025-OPQ-123,
D173,Wind Turbine Inspection,Large,BladeChecker,AeroCorp,6,16,8.8,Camera,"High-resolution video camera",157,72,23,OP002,2025-05-23,42,3,8.2,Yes,Completed,REG-2025-RST-345,
D174,Construction Site Survey,Medium,SiteScan,GeoSurv,6,11,7.3,"Camera, GPS","Real-time kinematic (RTK) GPS",52,33,8,OP006,2025-05-24,85,1.3,3.1,No,Completed,REG-2025-UVW-678,
D175,Event Coverage,Small,EventFlyer,PhotoFly,4,1.8,0.9,Camera,"360-degree video camera",92,29,5.5,OP004,2025-05-25,91,1.8,3.8,No,Completed,REG-2025-XYZ-901,
D176,Delivery to Remote Area,Medium,LongHaul 400,DeliveryNow,6,10,3.8,Package,"Emergency rations",68,53,26,OP011,2025-05-26,62,2.4,4.9,No,Completed,REG-2025-ABC-234,
D177,Pipeline Inspection,Large,PipePatrol,SkyView Inc.,6,14,6.8,Sensor,"Ultrasonic leak detector",38,62,22,OP002,2025-05-27,80,2.1,6.7,Yes,Completed,REG-2025-DEF-567,
D178,Precision Agriculture,Small,FarmPilot,AgriDrones,4,2.5,1.2,Sensor,"Leaf area index sensor",45,25,8.5,OP003,2025-05-28,88,1.1,4,No,Completed,REG-2025-GHI-890,
D179,Wildlife Monitoring,Small,NatureWatch,EnviroTech,4,1.5,0.7,Camera,Trail camera,108,52,17,OP009,2025-05-29,70,1.6,4.5,Yes,Completed,REG-2025-JKL-123,
D180,Emergency Response,Large,FirstResponder,RescueFly,8,13,6.2,"First Aid Kit","Basic medical supplies",138,47,12,OP007,2025-05-30,58,2.8,5.8,Yes,Completed,REG-2025-MNO-456,
D181,Product Photography,Small,StudioShot,PhotoFly,4,1,0.6,Camera,"Macro lens camera",52,17,3.5,OP004,2025-05-31,95,0.8,2,No,Completed,REG-2025-OPQ-789,
D182,Package Delivery,Medium,FlyHigh 300,AeroCorp,4,5,2.3,Package,"Clothing items",70,23,7.2,OP013,2025-05-01,89,1.7,3.3,No,Completed,REG-2025-DEF-901,
D183,Aerial Photography,Small,SnapShot Mini,PhotoFly,4,1,0.5,Camera,"Standard lens",83,20,5.3,OP004,2025-05-02,92,1.2,2.1,No,Completed,REG-2025-GHI-234,
D184,Agricultural Spraying,Large,CropMaster,AgriDrones,8,20,17.8,"Liquid Tank",Herbicide,33,32,10.8,OP003,2025-05-03,46,3.2,7.5,No,Completed,REG-2025-JKL-567,
D185,Package Delivery,Small,SwiftWing,DeliveryNow,4,2,1.1,Package,"Food delivery",71,15,4.1,OP011,2025-05-04,91,1.4,2.8,No,Completed,REG-2025-MNO-890,
D186,Aerial Photography,Small,SnapShot Mini,PhotoFly,4,1,0.7,Camera,"Telephoto lens",86,21,6.3,OP004,2025-05-05,94,1.3,2.2,No,Completed,REG-2025-OPQ-123,
D187,Infrastructure Inspection,Medium,ViewMax 500,Inspecta X,4,8,5.3,Camera,"Thermal imaging camera",110,39,12.1,OP002,2025-05-06,63,2.3,5.6,Yes,Completed,REG-2025-RST-456,
D188,Agricultural Spraying,Large,CropMaster,AgriDrones,8,20,18.2,"Liquid Tank",Fungicide,29,33,9.2,OP003,2025-05-07,44,3.4,7.7,Yes,Completed,REG-2025-UVW-789,
D189,Package Delivery,Medium,FlyHigh 300,AeroCorp,4,5,2.6,Package,"Electronics accessories",73,26,7.5,OP013,2025-05-08,86,1.6,3.1,No,Completed,REG-2025-XYZ-012,
D058,Package Delivery,Medium,FlyHigh 300,AeroCorp,4,5,2.1,Package,"Small appliances",65,21,6.8,OP013,2025-04-18,89,1.7,3.1,No,Completed,REG-2025-GHI-890,
D190,Aerial Photography,Small,SnapShot Mini,PhotoFly,4,1,0.4,Camera,"ND filters",82,18,6.1,OP004,2025-05-09,97,1.1,2.3,No,Completed,REG-2025-ABC-345,
D191,Infrastructure Inspection,Medium,ViewMax 500,Inspecta X,4,8,4.8,Sensor,"Gas leak sensor",113,42,13.8,OP002,2025-05-10,70,2.1,5.3,Yes,Completed,REG-2025-DEF-678,
D192,Package Delivery,Small,SwiftWing,DeliveryNow,4,2,1.2,Package,"Medicine",71,17,5.5,OP011,2025-05-11,94,1.5,2.9,No,Completed,REG-2025-GHI-901,
D193,Aerial Photography,Small,SnapShot Mini,PhotoFly,4,1,0.6,Camera,"Time-lapse camera",88,21,6.8,OP004,2025-05-12,93,1.3,2.6,No,Completed,REG-2025-JKL-234,
D194,Agricultural Spraying,Large,CropMaster,AgriDrones,8,20,17.9,"Liquid Tank","Nutrient solution",30,34,10.5,OP003,2025-05-13,42,3.3,7.1,Yes,Completed,REG-2025-MNO-567,
D195,Package Delivery,Medium,FlyHigh 300,AeroCorp,4,5,2.8,Package,"Consumer electronics",72,25,7.8,OP013,2025-05-14,85,1.7,3.5,No,Completed,REG-2025-OPQ-890,
D196,Aerial Photography,Small,SnapShot Mini,PhotoFly,4,1,0.4,Camera,"Action camera",81,19,5.2,OP004,2025-05-15,96,1.1,2.1,No,Completed,REG-2025-RST-123,
D197,Infrastructure Inspection,Medium,ViewMax 500,Inspecta X,4,8,4.5,Camera,"High-resolution still camera",107,37,12.5,OP002,2025-05-16,65,2.4,5.8,Yes,Completed,REG-2025-UVW-456,
D198,Agricultural Spraying,Large,CropMaster,AgriDrones,8,20,18.8,"Liquid Tank",Defoliant,26,37,11.8,OP003,2025-05-17,40,3.6,8,Yes,Completed,REG-2025-XYZ-789,
D199,Package Delivery,Medium,FlyHigh 300,AeroCorp,4,5,2.1,Package,Documents,73,22,7.1,OP013,2025-05-18,88,2,3.7,No,Completed,REG-2025-ABC-012,
D200,Aerial Photography,Small,SnapShot Mini,PhotoFly,4,1,0.7,Camera,"Zoom lens",89,23,6.5,OP004,2025-05-19,91,1.5,2.7,No,Completed,REG-2025-DEF-345,
D201,Infrastructure Inspection,Medium,ViewMax 500,Inspecta X,4,8,5.4,Sensor,"Magnetic particle inspection sensor",112,41,13.2,OP002,2025-05-20,67,2.2,5.4,Yes,Completed,REG-2025-GHI-678,
D202,Power Line Inspection,Medium,VoltGuard,SkyView Inc.,6,9,5.2,Camera,"UV inspection camera",101,60,17,OP002,2025-05-21,53,2.9,7,Yes,Completed,REG-2025-JKL-901,
D203,Traffic Monitoring,Medium,TrafficEye,SecureTech,4,6,3.2,Camera,"License plate recognition camera",82,37,10.5,OP005,2025-05-22,76,1.7,4.3,No,Completed,REG-2025-MNO-234,
D204,Wind Turbine Inspection,Large,BladeChecker,AeroCorp,6,16,8.9,Camera,"High-resolution video camera",156,71,22.5,OP002,2025-05-23,41,3.1,8.1,Yes,Completed,REG-2025-OPQ-567,
D205,Construction Site Survey,Medium,SiteScan,GeoSurv,6,11,7.1,"Camera, GPS","Real-time kinematic (RTK) GPS",51,34,7.5,OP006,2025-05-24,84,1.4,3,No,Completed,REG-2025-RST-890,
D206,Event Coverage,Small,EventFlyer,PhotoFly,4,1.8,0.9,Camera,"360-degree video camera",91,30,5.2,OP004,2025-05-25,93,1.9,3.9,No,Completed,REG-2025-UVW-123,
D008,Film Production,Large,CineDrone X,FilmCraft,8,18,10,Camera,"Professional cinema camera with gimbal",60,40,7,OP008,2025-03-27,70,2,4.2,No,Completed,REG-2025-VWX-234,"Filming aerial shots for a movie"
D009,Environmental Monitoring,Small,AirProbe 1,EnviroTech,4,2,1.2,Sensor,"Air quality sampling device",40,28,6,OP009,2025-03-28,88,1.1,2.7,No,Completed,REG-2025-YZA-567,"Collecting air pollution data over urban area"
D010,Warehouse Inventory,Small,StockChecker,InventoryAI,4,3,1.5,Scanner,"Barcode and RFID scanner",15,30,4,OP010,2025-03-29,75,0.9,1.5,No,Completed,REG-2025-BCD-890,"Indoor inventory management"
D011,Package Delivery,Small,SwiftWing,DeliveryNow,4,2,1,Package,"Small documents",60,18,5,OP011,2025-03-19,95,1.3,2.9,No,Completed,REG-2025-EFG-123,"Express document delivery"
D012,Bridge Inspection,Medium,ViewMax 500,Inspecta X,4,8,4.5,Camera,"High-definition camera",90,38,12,OP002,2025-03-18,60,2.2,5.8,Yes,Completed,REG-2025-HIJ-456,"Routine bridge structure assessment"
D013,Crop Monitoring,Small,Agri Scout,AgriDrones,4,1.5,0.8,Camera,"Multispectral camera for plant health analysis",45,22,7,OP003,2025-03-17,80,1,3.3,No,Completed,REG-2025-KLM-789,"Assessing crop health in a small farm"
D014,Real Estate Photography,Small,SkyLens,PhotoFly,4,1.2,0.6,Camera,"Wide-angle camera for property showcasing",75,25,4,OP004,2025-03-16,88,1.6,2.5,No,Completed,REG-2025-NOP-012,"Taking aerial photos of a residential property"
D015,Power Line Inspection,Medium,VoltGuard,SkyView Inc.,6,9,5,"Camera, Sensor","Corona discharge camera, infrared thermometer",110,55,16,OP002,2025-03-15,50,2.9,7.1,Yes,Completed,REG-2025-QRS-345,"Inspecting high-voltage power lines"
D207,Delivery to Remote Area,Medium,LongHaul 400,DeliveryNow,6,10,3.6,Package,"Emergency rations",67,54,27,OP011,2025-05-26,61,2.5,5,No,Completed,REG-2025-XYZ-456,
D208,Pipeline Inspection,Large,PipePatrol,SkyView Inc.,6,14,6.9,Sensor,"Ultrasonic leak detector",39,61,21.5,OP002,2025-05-27,79,2.2,6.6,Yes,Completed,REG-2025-ABC-789,
D209,Precision Agriculture,Small,FarmPilot,AgriDrones,4,2.5,1.2,Sensor,"Leaf area index sensor",44,27,8.2,OP003,2025-05-28,87,1.2,3.8,No,Completed,REG-2025-DEF-901,
D210,Wildlife Monitoring,Small,NatureWatch,EnviroTech,4,1.5,0.8,Camera,Trail camera,107,51,16.5,OP009,2025-05-29,69,1.7,4.4,Yes,Completed,REG-2025-GHI-234,
D211,Emergency Response,Large,FirstResponder,RescueFly,8,13,6.1,"First Aid Kit","Basic medical supplies",137,46,11.5,OP007,2025-05-30,56,2.8,5.9,Yes,Completed,REG-2025-JKL-567,
D212,Product Photography,Small,StudioShot,PhotoFly,4,1,0.7,Camera,"Macro lens camera",51,18,3.2,OP004,2025-05-31,94,0.9,2.1,No,Completed,REG-2025-MNO-890,
D213,Package Delivery,Medium,FlyHigh 300,AeroCorp,4,5,2.4,Package,"Clothing items",69,21,7.1,OP013,2025-05-01,87,1.9,3.4,No,Completed,REG-2025-OPQ-123,
D214,Aerial Photography,Small,SnapShot Mini,PhotoFly,4,1,0.6,Camera,"Standard lens",82,19,5.4,OP004,2025-05-02,91,1.3,2.2,No,Completed,REG-2025-RST-456,
D215,Agricultural Spraying,Large,CropMaster,AgriDrones,8,20,17.6,"Liquid Tank",Herbicide,31,30,10.2,OP003,2025-05-03,44,3.3,7.4,No,Completed,REG-2025-UVW-789,
D216,Package Delivery,Small,SwiftWing,DeliveryNow,4,2,1.3,Package,"Food delivery",70,14,4.3,OP011,2025-05-04,88,1.6,2.7,No,Completed,REG-2025-XYZ-012,
D217,Aerial Photography,Small,SnapShot Mini,PhotoFly,4,1,0.8,Camera,"Telephoto lens",85,22,6.5,OP004,2025-05-05,95,1.2,2.3,No,Completed,REG-2025-ABC-345,
D218,Infrastructure Inspection,Medium,ViewMax 500,Inspecta X,4,8,5.6,Camera,"Thermal imaging camera",107,38,11.9,OP002,2025-05-06,66,2.1,5.5,Yes,Completed,REG-2025-DEF-678,
D219,Agricultural Spraying,Large,CropMaster,AgriDrones,8,20,18.5,"Liquid Tank",Fungicide,28,31,9.5,OP003,2025-05-07,43,3.5,7.8,Yes,Completed,REG-2025-GHI-901,
D220,Package Delivery,Medium,FlyHigh 300,AeroCorp,4,5,2.2,Package,"Electronics accessories",71,23,7.1,OP013,2025-05-08,87,1.8,3.2,No,Completed,REG-2025-JKL-234,
D221,Aerial Photography,Small,SnapShot Mini,PhotoFly,4,1,0.3,Camera,"ND filters",83,17,5.8,OP004,2025-05-09,99,1,2.1,No,Completed,REG-2025-MNO-567,
D222,Infrastructure Inspection,Medium,ViewMax 500,Inspecta X,4,8,4.7,Sensor,"Gas leak sensor",110,40,13.2,OP002,2025-05-10,71,2.3,5.4,Yes,Completed,REG-2025-OPQ-890,
D223,Package Delivery,Small,SwiftWing,DeliveryNow,4,2,1.4,Package,"Medicine",73,18,5.1,OP011,2025-05-11,93,1.4,2.8,No,Completed,REG-2025-RST-123,
D224,Aerial Photography,Small,SnapShot Mini,PhotoFly,4,1,0.9,Camera,"Time-lapse camera",87,24,6.2,OP004,2025-05-12,90,1.2,2.5,No,Completed,REG-2025-UVW-456,
D225,Agricultural Spraying,Large,CropMaster,AgriDrones,8,20,17.7,"Liquid Tank","Nutrient solution",30,32,10.5,OP003,2025-05-13,45,3.2,7.3,Yes,Completed,REG-2025-XYZ-789,
D226,Package Delivery,Medium,FlyHigh 300,AeroCorp,4,5,2.5,Package,"Consumer electronics",70,22,7.4,OP013,2025-05-14,86,1.9,3.5,No,Completed,REG-2025-ABC-012,
D227,Aerial Photography,Small,SnapShot Mini,PhotoFly,4,1,0.2,Camera,"Action camera",84,16,5.8,OP004,2025-05-15,97,1,2.2,No,Completed,REG-2025-DEF-345,
D228,Infrastructure Inspection,Medium,ViewMax 500,Inspecta X,4,8,4.8,Camera,"High-resolution still camera",106,39,12.8,OP002,2025-05-16,64,2.5,5.9,Yes,Completed,REG-2025-GHI-678,
D229,Agricultural Spraying,Large,CropMaster,AgriDrones,8,20,18.1,"Liquid Tank",Defoliant,29,34,11.8,OP003,2025-05-17,42,3.4,7.7,Yes,Completed,REG-2025-JKL-901,
D230,Package Delivery,Medium,FlyHigh 300,AeroCorp,4,5,2.9,Package,Documents,72,27,8.1,OP013,2025-05-18,83,2.1,3.8,No,Completed,REG-2025-MNO-234,
D231,Aerial Photography,Small,SnapShot Mini,PhotoFly,4,1,0.7,Camera,"Zoom lens",88,20,6.1,OP004,2025-05-19,90,1.5,2.6,No,Completed,REG-2025-OPQ-567,
D232,Infrastructure Inspection,Medium,ViewMax 500,Inspecta X,4,8,5.1,Sensor,"Magnetic particle inspection sensor",113,43,13.5,OP002,2025-05-20,69,2.2,5.2,Yes,Completed,REG-2025-RST-890,
D233,Package Delivery,Medium,FlyHigh 300,AeroCorp,4,5,2.3,Package,"Clothing items",70,23,7.2,OP013,2025-05-26,82,1.9,3.5,No,Completed,REG-2025-VWX-345,
D234,Aerial Photography,Small,SnapShot Mini,PhotoFly,4,1,0.5,Camera,"Standard lens",86,22,7,OP004,2025-05-27,95,1.2,2.2,No,Completed,REG-2025-XYZ-678,
D235,Agricultural Spraying,Large,CropMaster,AgriDrones,8,20,18.2,"Liquid Tank",Insecticide,30,34,11,OP003,2025-05-28,40,3.4,7.9,Yes,Completed,REG-2025-ABC-901,
D236,Package Delivery,Small,SwiftWing,DeliveryNow,4,2,1.1,Package,"Small electronics",65,17,5,OP011,2025-05-29,91,1.4,2.7,No,Completed,REG-2025-DEF-234,
D237,Aerial Photography,Small,SnapShot Mini,PhotoFly,4,1,0.7,Camera,"Gimbal stabilizer",89,20,6,OP004,2025-05-30,97,1.1,2.4,No,Completed,REG-2025-GHI-567,
D238,Infrastructure Inspection,Medium,ViewMax 500,Inspecta X,4,8,5.5,Camera,"High-resolution camera",110,39,13,OP002,2025-05-31,62,2.2,5.3,Yes,Completed,REG-2025-JKL-890,
D239,Agricultural Spraying,Large,CropMaster,AgriDrones,8,20,19.5,"Liquid Tank","Growth regulator",25,32,10,OP003,2025-06-01,38,3.6,8.1,Yes,Completed,REG-2025-MNO-123,
D240,Package Delivery,Medium,FlyHigh 300,AeroCorp,4,5,,Package,Gifts,75,24,7,OP013,2025-06-02,80,1.6,3.3,No,Completed,REG-2025-OPQ-456,
D241,Aerial Photography,Small,SnapShot Mini,PhotoFly,4,1,0.2,Camera,"UV filter",83,18,5,OP004,2025-06-03,99,1,1.9,No,Completed,REG-2025-RST-789,
D242,Infrastructure Inspection,Medium,ViewMax 500,Inspecta X,4,8,6.1,Sensor,"Corrosion detection sensor",105,40,12,OP002,2025-06-04,70,2,4.8,Yes,Completed,REG-2025-UVW-012,

D243,Package Delivery,Medium,FlyHigh 300,AeroCorp,4,5,2.7,Package,"Electronics",65,23,7.8,OP015,2025-06-05,83,1.7,3.1,No,Completed,REG-2025-GHI-345,
D244,Aerial Photography,Small,SnapShot Mini,PhotoFly,4,1,0.4,Camera,"Wide lens",88,18,5.1,OP007,2025-06-06,96,1.2,2.4,No,Completed,REG-2025-JKL-678,
D245,Agricultural Spraying,Large,CropMaster,AgriDrones,8,20,18.5,"Liquid Tank",Pesticide,31,35,11.2,OP003,2025-06-07,41,3.5,7.9,Yes,Completed,REG-2025-MNO-901,
D246,Infrastructure Inspection,Medium,ViewMax 500,SkyView Inc.,4,8,5.1,Camera,"Thermal",102,41,13.5,OP002,2025-06-08,67,2.1,5.3,Yes,Completed,REG-2025-PQR-234,
D247,Package Delivery,Small,SwiftWing,DeliveryNow,4,2,1.2,Package,"Clothing",72,19,6.3,OP011,2025-06-09,91,1.4,2.8,No,Completed,REG-2025-STU-567,
D248,Aerial Photography,Small,SnapShot Mini,PhotoFly,4,1,0.6,Camera,"Zoom",85,20,5.9,OP004,2025-06-10,94,1.3,2.5,No,Completed,REG-2025-VWX-890,
D249,Agricultural Spraying,Large,CropMaster,AgriDrones,8,20,19.2,"Liquid Tank",Herbicide,29,33,9.8,OP003,2025-06-11,43,3.3,7.6,Yes,Completed,REG-2025-YZA-123,
D249,Agricultural Spraying,Large,CropMaster,AgriDrones,8,20,19.2,"Liquid Tank",Herbicide,29,33,9.8,OP003,2025-06-11,43,3.3,7.6,Yes,Completed,REG-2025-YZA-123,
D249,Agricultural Spraying,Large,CropMaster,AgriDrones,8,20,19.2,"Liquid Tank",Herbicide,29,33,9.8,OP003,2025-06-11,43,3.3,7.6,Yes,Completed,REG-2025-YZA-123,
D249,Agricultural Spraying,Large,CropMaster,AgriDrones,8,20,19.2,"Liquid Tank",Herbicide,29,33,9.8,OP003,2025-06-11,43,3.3,7.6,Yes,Completed,REG-2025-YZA-123,
D249,Agricultural Spraying,Large,CropMaster,AgriDrones,8,20,19.2,"Liquid Tank",Herbicide,29,33,9.8,OP003,2025-06-11,43,3.3,7.6,Yes,Completed,REG-2025-YZA-123,
D249,Agricultural Spraying,Large,CropMaster,AgriDrones,8,20,19.2,"Liquid Tank",Herbicide,29,33,9.8,OP003,2025-06-11,43,3.3,7.6,Yes,Completed,REG-2025-YZA-123,
D250,Infrastructure Inspection,Medium,ViewMax 500,SkyView Inc.,4,8,4.8,Sensor,"Gas",108,39,12.1,OP002,2025-06-12,69,2.2,5.1,Yes,Completed,REG-2025-BCD-456,
D251,Package Delivery,Medium,FlyHigh 300,AeroCorp,4,5,2.5,Package,"Documents",68,24,7.1,OP015,2025-06-13,85,1.8,3.4,No,Completed,REG-2025-EFG-789,
D252,Aerial Photography,Small,SnapShot Mini,PhotoFly,4,1,0.3,Camera,"ND filter",82,17,5.5,OP007,2025-06-14,97,1.1,2.2,No,Completed,REG-2025-HIJ-012,
D253,Agricultural Spraying,Large,CropMaster,AgriDrones,8,20,17.9,"Liquid Tank",Fungicide,32,34,10.5,OP003,2025-06-15,40,3.4,7.8,Yes,Completed,REG-2025-KLM-345,
D254,Infrastructure Inspection,Medium,ViewMax 500,SkyView Inc.,4,8,5.4,Camera,"Visual",105,40,13.2,OP002,2025-06-16,64,2.3,5.5,Yes,Completed,REG-2025-NOP-678,
D255,Package Delivery,Small,SwiftWing,DeliveryNow,4,2,1.1,Package,"Electronics",70,18,6.1,OP011,2025-06-17,93,1.5,2.9,No,Completed,REG-2025-QRS-901,
D256,Aerial Photography,Small,SnapShot Mini,PhotoFly,4,1,0.7,Camera,"Wide angle",87,19,5.7,OP004,2025-06-18,95,1.2,2.3,No,Completed,REG-2025-TUV-234,
D257,Agricultural Spraying,Large,CropMaster,AgriDrones,8,20,18.8,"Liquid Tank",Insecticide,28,32,9.5,OP003,2025-06-19,42,3.2,7.7,Yes,Completed,REG-2025-WXY-567,
D258,Infrastructure Inspection,Medium,ViewMax 500,SkyView Inc.,4,8,4.9,Sensor,"Temperature",109,42,12.8,OP002,2025-06-20,70,2.4,5.2,Yes,Completed,REG-2025-ZAB-890,
D259,Package Delivery,Medium,FlyHigh 300,AeroCorp,4,5,2.8,Package,"Small items",69,25,7.5,OP015,2025-06-21,88,1.9,3.3,No,Completed,REG-2025-CDE-123,
D260,Aerial Photography,Small,SnapShot Mini,PhotoFly,4,1,0.5,Camera,"Telephoto",83,21,6.2,OP007,2025-06-22,96,1.3,2.4,No,Completed,REG-2025-FGH-456,
D261,Agricultural Spraying,Large,CropMaster,AgriDrones,8,20,17.5,"Liquid Tank",Herbicide,33,31,10.2,OP003,2025-06-23,45,3.1,7.4,Yes,Completed,REG-2025-IJK-789,
D262,Infrastructure Inspection,Medium,ViewMax 500,SkyView Inc.,4,8,5.2,Camera,"Infrared",106,38,13.1,OP002,2025-06-24,63,2.2,5.4,Yes,Completed,REG-2025-LMN-012,
D263,Package Delivery,Small,SwiftWing,DeliveryNow,4,2,1.3,Package,"Documents",71,17,5.9,OP011,2025-06-25,92,1.6,2.7,No,Completed,REG-2025-OPQ-345,
D264,Aerial Photography,Small,SnapShot Mini,PhotoFly,4,1,0.6,Camera,"Standard",86,20,5.8,OP004,2025-06-26,94,1.1,2.1,No,Completed,REG-2025-RST-678,
D265,Agricultural Spraying,Large,CropMaster,AgriDrones,8,20,18.1,"Liquid Tank",Fungicide,27,35,9.9,OP003,2025-06-27,44,3.5,7.8,Yes,Completed,REG-2025-UVW-901,
D266,Infrastructure Inspection,Medium,ViewMax 500,SkyView Inc.,4,8,4.7,Sensor,"Pressure",110,41,12.5,OP002,2025-06-28,68,2.3,5.1,Yes,Completed,REG-2025-XYZ-234,
D267,Package Delivery,Medium,FlyHigh 300,AeroCorp,4,5,2.9,Package,"Consumer goods",67,22,7.3,OP015,2025-06-29,87,1.7,3.2,No,Completed,REG-2025-ABC-567,
D268,Aerial Photography,Small,SnapShot Mini,PhotoFly,4,1,0.4,Camera,"Zoom lens",84,19,5.2,OP007,2025-06-30,95,1.2,2.3,No,Completed,REG-2025-DEF-890,
D269,Agricultural Spraying,Large,CropMaster,AgriDrones,8,20,19.5,"Liquid Tank",Insecticide,30,32,10.8,OP003,2025-07-01,42,3.3,7.5,Yes,Completed,REG-2025-GHI-123,
D270,Infrastructure Inspection,Medium,ViewMax 500,SkyView Inc.,4,8,5.5,Camera,"High-res",103,39,13.8,OP002,2025-07-02,65,2.4,5.6,Yes,Completed,REG-2025-JKL-456,
D271,Package Delivery,Small,SwiftWing,DeliveryNow,4,2,1.2,Package,"Small package",73,16,6.5,OP011,2025-07-03,90,1.4,2.9,No,Completed,REG-2025-MNO-789,
D272,Aerial Photography,Small,SnapShot Mini,PhotoFly,4,1,0.8,Camera,"Wide angle",89,20,5.8,OP004,2025-07-04,93,1.1,2.1,No,Completed,REG-2025-OPQ-012,
D273,Agricultural Spraying,Large,CropMaster,AgriDrones,8,20,17.1,"Liquid Tank",Herbicide,34,34,10.1,OP003,2025-07-05,47,3.1,7.2,Yes,Completed,REG-2025-RST-345,
D274,Infrastructure Inspection,Medium,ViewMax 500,SkyView Inc.,4,8,4.6,Sensor,"Vibration",107,40,12.5,OP002,2025-07-06,68,2.2,5.3,Yes,Completed,REG-2025-UVW-678,
D275,Package Delivery,Medium,FlyHigh 300,AeroCorp,4,5,2.6,Package,"Fragile goods",71,25,7.2,OP015,2025-07-07,86,1.8,3.5,No,Completed,REG-2025-XYZ-901,
D276,Aerial Photography,Small,SnapShot Mini,PhotoFly,4,1,0.3,Camera,"Telephoto",81,17,5.3,OP007,2025-07-08,98,1.3,2.4,No,Completed,REG-2025-ABC-234,
D277,Agricultural Spraying,Large,CropMaster,AgriDrones,8,20,18.8,"Liquid Tank",Fungicide,26,32,9.2,OP003,2025-07-09,41,3.4,7.7,Yes,Completed,REG-2025-DEF-567,
D278,Infrastructure Inspection,Medium,ViewMax 500,SkyView Inc.,4,8,5.3,Camera,"Zoom",104,42,13.9,OP002,2025-07-10,62,2.5,5.7,Yes,Completed,REG-2025-GHI-890,
D279,Package Delivery,Small,SwiftWing,DeliveryNow,4,2,1.4,Package,"Gift",70,19,6.1,OP011,2025-07-11,94,1.5,2.8,No,Completed,REG-2025-JKL-123,
D280,Aerial Photography,Small,SnapShot Mini,PhotoFly,4,1,0.5,Camera,"Standard lens",87,20,5.7,OP004,2025-07-12,95,1.1,2.2,No,Completed,REG-2025-MNO-456,
D281,Agricultural Spraying,Large,CropMaster,AgriDrones,8,20,17.6,"Liquid Tank",Insecticide,33,33,10.5,OP003,2025-07-13,46,3.3,7.3,Yes,Completed,REG-2025-OPQ-789,
D282,Infrastructure Inspection,Medium,ViewMax 500,SkyView Inc.,4,8,4.9,Sensor,"Acoustic",109,38,12.2,OP002,2025-07-14,69,2.1,5.4,Yes,Completed,REG-2025-RST-012,
D283,Package Delivery,Medium,FlyHigh 300,AeroCorp,4,5,2.1,Package,"Electronics",66,23,7.5,OP015,2025-07-15,89,1.7,3.1,No,Completed,REG-2025-UVW-345,
D284,Aerial Photography,Small,SnapShot Mini,PhotoFly,4,1,0.7,Camera,"Wide lens",82,18,5.9,OP007,2025-07-16,97,1.2,2.5,No,Completed,REG-2025-XYZ-678,
D285,Agricultural Spraying,Large,CropMaster,AgriDrones,8,20,18.2,"Liquid Tank",Herbicide,28,35,9.8,OP003,2025-07-17,43,3.5,7.6,Yes,Completed,REG-2025-ABC-901,
D286,Infrastructure Inspection,Medium,ViewMax 500,SkyView Inc.,4,8,5.5,Camera,"Thermal",103,41,13.1,OP002,2025-07-18,64,2.4,5.2,Yes,Completed,REG-2025-DEF-234,
D287,Package Delivery,Small,SwiftWing,DeliveryNow,4,2,1.3,Package,"Clothing",73,19,6.1,OP011,2025-07-19,92,1.4,2.7,No,Completed,REG-2025-GHI-567,
D288,Aerial Photography,Small,SnapShot Mini,PhotoFly,4,1,0.6,Camera,"Zoom",85,20,5.5,OP004,2025-07-20,96,1.3,2.3,No,Completed,REG-2025-JKL-890,
D289,Agricultural Spraying,Large,CropMaster,AgriDrones,8,20,19.1,"Liquid Tank",Fungicide,31,33,9.5,OP003,2025-07-21,40,3.3,7.9,Yes,Completed,REG-2025-MNO-123,
D290,Infrastructure Inspection,Medium,ViewMax 500,SkyView Inc.,4,8,4.7,Sensor,"Gas",106,39,12.8,OP002,2025-07-22,67,2.2,5.5,Yes,Completed,REG-2025-OPQ-456,
D291,Package Delivery,Medium,FlyHigh 300,AeroCorp,4,5,2.2,Package,"Documents",69,24,7.9,OP015,2025-07-23,87,1.8,3.4,No,Completed,REG-2025-RST-789,
D292,Aerial Photography,Small,SnapShot Mini,PhotoFly,4,1,0.4,Camera,"ND filter",88,17,5.2,OP007,2025-07-24,99,1.1,2.1,No,Completed,REG-2025-UVW-012,
D293,Agricultural Spraying,Large,CropMaster,AgriDrones,8,20,17.8,"Liquid Tank",Insecticide,34,34,10.2,OP003,2025-07-25,45,3.4,7.7,Yes,Completed,REG-2025-XYZ-345,
D294,Infrastructure Inspection,Medium,ViewMax 500,SkyView Inc.,4,8,5.1,Camera,"Visual",104,40,13.5,OP002,2025-07-26,63,2.3,5.1,Yes,Completed,REG-2025-ABC-678,
D295,Package Delivery,Small,SwiftWing,DeliveryNow,4,2,1.5,Package,"Electronics",71,18,6.3,OP011,2025-07-27,90,1.5,2.8,No,Completed,REG-2025-DEF-901,
D296,Aerial Photography,Small,SnapShot Mini,PhotoFly,4,1,0.7,Camera,"Wide angle",83,19,5.6,OP004,2025-07-28,93,1.2,2.4,No,Completed,REG-2025-GHI-234,
D297,Agricultural Spraying,Large,CropMaster,AgriDrones,8,20,18.5,"Liquid Tank",Herbicide,29,32,9.9,OP003,2025-07-29,44,3.2,7.5,Yes,Completed,REG-2025-JKL-567,
D298,Infrastructure Inspection,Medium,ViewMax 500,SkyView Inc.,4,8,4.6,Sensor,"Temperature",107,42,12.8,OP002,2025-07-30,66,2.4,5.3,Yes,Completed,REG-2025-MNO-890,
D299,Package Delivery,Medium,FlyHigh 300,AeroCorp,4,5,2.4,Package,"Small items",72,25,7.1,OP015,2025-07-31,86,1.9,3.2,No,Completed,REG-2025-OPQ-123,
D300,Aerial Photography,Small,SnapShot Mini,PhotoFly,4,1,0.2,Camera,"Telephoto",89,21,6.5,OP007,2025-08-01,97,1.3,2.5,No,Completed,REG-2025-RST-456,
D301,Agricultural Spraying,Large,CropMaster,AgriDrones,8,20,17.2,"Liquid Tank",Fungicide,32,31,10.5,OP003,2025-08-02,41,3.1,7.4,Yes,Completed,REG-2025-UVW-789,
D302,Infrastructure Inspection,Medium,ViewMax 500,SkyView Inc.,4,8,5.1,Camera,"Infrared",104,38,13.2,OP002,2025-08-03,69,2.2,5.1,Yes,Completed,REG-2025-XYZ-012,
D303,Package Delivery,Small,SwiftWing,DeliveryNow,4,2,1.1,Package,"Documents",70,17,5.8,OP011,2025-08-04,93,1.6,2.8,No,Completed,REG-2025-ABC-345,
D304,Aerial Photography,Small,SnapShot Mini,PhotoFly,4,1,0.5,Camera,"Standard",83,20,5.9,OP004,2025-08-05,95,1.1,2.3,No,Completed,REG-2025-DEF-678,
D305,Agricultural Spraying,Large,CropMaster,AgriDrones,8,20,18.9,"Liquid Tank",Insecticide,27,35,9.8,OP003,2025-08-06,44,3.5,7.7,Yes,Completed,REG-2025-GHI-901,
D306,Infrastructure Inspection,Medium,ViewMax 500,SkyView Inc.,4,8,4.8,Sensor,"Pressure",108,41,12.5,OP002,2025-08-07,67,2.3,5.4,Yes,Completed,REG-2025-JKL-234,
D307,Package Delivery,Medium,FlyHigh 300,AeroCorp,4,5,2.7,Package,"Consumer goods",68,22,7.1,OP015,2025-08-08,88,1.7,3.5,No,Completed,REG-2025-MNO-567,
D308,Aerial Photography,Small,SnapShot Mini,PhotoFly,4,1,0.3,Camera,"Zoom lens",81,19,5.2,OP007,2025-08-09,96,1.2,2.1,No,Completed,REG-2025-OPQ-890,
D309,Agricultural Spraying,Large,CropMaster,AgriDrones,8,20,19.3,"Liquid Tank",Herbicide,30,32,10.8,OP003,2025-08-10,42,3.3,7.6,Yes,Completed,REG-2025-RST-123,
D310,Infrastructure Inspection,Medium,ViewMax 500,SkyView Inc.,4,8,5.6,Camera,"High-res",105,39,13.8,OP002,2025-08-11,65,2.4,5.2,Yes,Completed,REG-2025-UVW-456,
D311,Package Delivery,Small,SwiftWing,DeliveryNow,4,2,1.4,Package,"Small package",72,16,6.2,OP011,2025-08-12,91,1.4,2.9,No,Completed,REG-2025-XYZ-789,
D312,Aerial Photography,Small,SnapShot Mini,PhotoFly,4,1,0.9,Camera,"Wide angle",86,20,5.5,OP004,2025-08-13,94,1.1,2.3,No,Completed,REG-2025-ABC-012,
D313,Agricultural Spraying,Large,CropMaster,AgriDrones,8,20,17.5,"Liquid Tank",Fungicide,33,34,10.1,OP003,2025-08-14,47,3.1,7.1,Yes,Completed,REG-2025-DEF-345,
D314,Infrastructure Inspection,Medium,ViewMax 500,SkyView Inc.,4,8,4.7,Sensor,"Vibration",109,40,12.5,OP002,2025-08-15,68,2.2,5.5,Yes,Completed,REG-2025-GHI-678,
D315,Package Delivery,Medium,FlyHigh 300,AeroCorp,4,5,2.3,Package,"Fragile goods",70,25,7.9,OP015,2025-08-16,83,1.8,3.4,No,Completed,REG-2025-JKL-901,
D316,Aerial Photography,Small,SnapShot Mini,PhotoFly,4,1,0.2,Camera,"Telephoto",84,17,5.3,OP007,2025-08-17,97,1.3,2.2,No,Completed,REG-2025-MNO-234,
D317,Agricultural Spraying,Large,CropMaster,AgriDrones,8,20,18.1,"Liquid Tank",Insecticide,29,32,9.2,OP003,2025-08-18,40,3.4,7.8,Yes,Completed,REG-2025-OPQ-567,
D318,Infrastructure Inspection,Medium,ViewMax 500,SkyView Inc.,4,8,5.4,Camera,"Zoom",106,42,13.9,OP002,2025-08-19,62,2.5,5.7,Yes,Completed,REG-2025-RST-890,
D319,Package Delivery,Small,SwiftWing,DeliveryNow,4,2,1.5,Package,"Gift",71,19,6.5,OP011,2025-08-20,92,1.5,2.9,No,Completed,REG-2025-UVW-123,
D320,Aerial Photography,Small,SnapShot Mini,PhotoFly,4,1,0.6,Camera,"Standard lens",85,20,5.7,OP004,2025-08-21,94,1.1,2.1,No,Completed,REG-2025-XYZ-456,
D321,Agricultural Spraying,Large,CropMaster,AgriDrones,8,20,17.8,"Liquid Tank",Herbicide,32,33,10.5,OP003,2025-08-22,45,3.3,7.3,Yes,Completed,REG-2025-ABC-789,
D322,Infrastructure Inspection,Medium,ViewMax 500,SkyView Inc.,4,8,4.9,Sensor,"Acoustic",108,38,12.2,OP002,2025-08-23,69,2.1,5.4,Yes,Completed,REG-2025-DEF-901,
D323,Package Delivery,Medium,FlyHigh 300,AeroCorp,4,5,2.6,Package,"Electronics",67,23,7.2,OP015,2025-08-24,84,1.8,3.2,No,Completed,REG-2025-GHI-234,
D324,Aerial Photography,Small,SnapShot Mini,PhotoFly,4,1,0.3,Camera,"Wide lens",89,18,5.9,OP007,2025-08-25,97,1.2,2.4,No,Completed,REG-2025-JKL-567,
D325,Agricultural Spraying,Large,CropMaster,AgriDrones,8,20,19.1,"Liquid Tank",Fungicide,31,35,9.8,OP003,2025-08-26,40,3.5,7.9,Yes,Completed,REG-2025-MNO-890,
D326,Infrastructure Inspection,Medium,ViewMax 500,SkyView Inc.,4,8,5.5,Camera,"Thermal",102,41,13.5,OP002,2025-08-27,63,2.3,5.1,Yes,Completed,REG-2025-OPQ-123,
D327,Package Delivery,Small,SwiftWing,DeliveryNow,4,2,1.2,Package,"Clothing",72,19,6.1,OP011,2025-08-28,90,1.5,2.8,No,Completed,REG-2025-RST-456,
D328,Aerial Photography,Small,SnapShot Mini,PhotoFly,4,1,0.7,Camera,"Zoom",84,20,5.7,OP004,2025-08-29,93,1.3,2.5,No,Completed,REG-2025-UVW-789,
D329,Agricultural Spraying,Large,CropMaster,AgriDrones,8,20,17.9,"Liquid Tank",Insecticide,28,33,9.5,OP003,2025-08-30,42,3.2,7.6,Yes,Completed,REG-2025-XYZ-012,
D330,Infrastructure Inspection,Medium,ViewMax 500,SkyView Inc.,4,8,4.8,Sensor,"Temperature",108,39,12.1,OP002,2025-08-31,69,2.4,5.3,Yes,Completed,REG-2025-ABC-345,
D331,Package Delivery,Medium,FlyHigh 300,AeroCorp,4,5,2.9,Package,"Documents",69,24,7.8,OP015,2025-09-01,85,1.9,3.4,No,Completed,REG-2025-DEF-678,
D332,Aerial Photography,Small,SnapShot Mini,PhotoFly,4,1,0.5,Camera,"ND filter",81,17,5.5,OP007,2025-09-02,97,1.1,2.2,No,Completed,REG-2025-GHI-901,
D333,Agricultural Spraying,Large,CropMaster,AgriDrones,8,20,18.8,"Liquid Tank",Herbicide,33,34,10.5,OP003,2025-09-03,40,3.4,7.8,Yes,Completed,REG-2025-JKL-234,
D334,Infrastructure Inspection,Medium,ViewMax 500,SkyView Inc.,4,8,5.2,Camera,"Visual",105,40,13.2,OP002,2025-09-04,64,2.3,5.5,Yes,Completed,REG-2025-MNO-567,
D335,Package Delivery,Small,SwiftWing,DeliveryNow,4,2,1.1,Package,"Electronics",70,18,6.1,OP011,2025-09-05,93,1.5,2.9,No,Completed,REG-2025-OPQ-890,
D336,Aerial Photography,Small,SnapShot Mini,PhotoFly,4,1,0.7,Camera,"Wide angle",87,19,5.7,OP004,2025-09-06,95,1.2,2.3,No,Completed,REG-2025-RST-123,
D245,Agricultural Spraying,Large,CropMaster,AgriDrones,8,20,18.5,"Liquid Tank",Pesticide,31,35,11.2,OP003,2025-06-07,41,3.5,7.9,Yes,Completed,REG-2025-MNO-901,
D246,Infrastructure Inspection,Medium,ViewMax 500,SkyView Inc.,4,8,5.1,Camera,"Thermal",102,41,13.5,OP002,2025-06-08,67,2.1,5.3,Yes,Completed,REG-2025-PQR-234,
D247,Package Delivery,Small,SwiftWing,DeliveryNow,4,2,1.2,Package,"Clothing",72,19,6.3,OP011,2025-06-09,91,1.4,2.8,No,Completed,REG-2025-STU-567,
D248,Aerial Photography,Small,SnapShot Mini,PhotoFly,4,1,0.6,Camera,"Zoom",85,20,5.9,OP004,2025-06-10,94,1.3,2.5,No,Completed,REG-2025-VWX-890,
D249,Agricultural Spraying,Large,CropMaster,AgriDrones,8,20,19.2,"Liquid Tank",Herbicide,29,33,9.8,OP003,2025-06-11,43,3.3,7.6,Yes,Completed,REG-2025-YZA-123,
D337,Agricultural Spraying,Large,CropMaster,AgriDrones,8,20,17.5,"Liquid Tank",Fungicide,26,32,9.5,OP003,2025-09-07,42,3.2,7.7,Yes,Completed,REG-2025-UVW-456,
D338,Infrastructure Inspection,Medium,ViewMax 500,SkyView Inc.,4,8,4.9,Sensor,"Temperature",109,42,12.8,OP002,2025-09-08,70,2.4,5.2,Yes,Completed,REG-2025-XYZ-789,
D339,Package Delivery,Medium,FlyHigh 300,AeroCorp,4,5,2.8,Package,"Small items",69,25,7.5,OP015,2025-09-09,88,1.9,3.3,No,Completed,REG-2025-ABC-012,
D340,Aerial Photography,Small,SnapShot Mini,PhotoFly,4,1,0.5,Camera,"Telephoto",83,21,6.2,OP007,2025-09-10,96,1.3,2.4,No,Completed,REG-2025-DEF-345,
D341,Agricultural Spraying,Large,CropMaster,AgriDrones,8,20,18.1,"Liquid Tank",Insecticide,32,31,10.2,OP003,2025-09-11,45,3.1,7.4,Yes,Completed,REG-2025-GHI-678,
D342,Infrastructure Inspection,Medium,ViewMax 500,SkyView Inc.,4,8,5.2,Camera,"Infrared",106,38,13.1,OP002,2025-09-12,63,2.2,5.4,Yes,Completed,REG-2025-JKL-901,
D343,Package Delivery,Small,SwiftWing,DeliveryNow,4,2,1.3,Package,"Documents",71,17,5.9,OP011,2025-09-13,92,1.6,2.7,No,Completed,REG-2025-MNO-234,
D344,Aerial Photography,Small,SnapShot Mini,PhotoFly,4,1,0.6,Camera,"Standard",86,20,5.8,OP004,2025-09-14,94,1.1,2.1,No,Completed,REG-2025-OPQ-567,
D345,Agricultural Spraying,Large,CropMaster,AgriDrones,8,20,17.5,"Liquid Tank",Herbicide,27,35,9.9,OP003,2025-09-15,44,3.5,7.8,Yes,Completed,REG-2025-RST-890,
D346,Infrastructure Inspection,Medium,ViewMax 500,SkyView Inc.,4,8,4.7,Sensor,"Pressure",110,41,12.5,OP002,2025-09-16,68,2.3,5.1,Yes,Completed,REG-2025-UVW-123,
D347,Package Delivery,Medium,FlyHigh 300,AeroCorp,4,5,2.9,Package,"Consumer goods",67,22,7.3,OP015,2025-09-17,87,1.7,3.2,No,Completed,REG-2025-XYZ-456,
D348,Aerial Photography,Small,SnapShot Mini,PhotoFly,4,1,0.4,Camera,"Zoom lens",84,19,5.2,OP007,2025-09-18,95,1.2,2.3,No,Completed,REG-2025-ABC-789,
D349,Agricultural Spraying,Large,CropMaster,AgriDrones,8,20,19.2,"Liquid Tank",Fungicide,30,32,10.8,OP003,2025-09-19,42,3.3,7.5,Yes,Completed,REG-2025-DEF-901,
D350,Infrastructure Inspection,Medium,ViewMax 500,SkyView Inc.,4,8,5.5,Camera,"High-res",103,39,13.8,OP002,2025-09-20,65,2.4,5.6,Yes,Completed,REG-2025-GHI-234,
D351,Package Delivery,Small,SwiftWing,DeliveryNow,4,2,1.2,Package,"Small package",73,16,6.5,OP011,2025-09-21,90,1.4,2.9,No,Completed,REG-2025-JKL-567,
D352,Aerial Photography,Small,SnapShot Mini,PhotoFly,4,1,0.8,Camera,"Wide angle",89,20,5.8,OP004,2025-09-22,93,1.1,2.1,No,Completed,REG-2025-MNO-890,
D353,Agricultural Spraying,Large,CropMaster,AgriDrones,8,20,17.1,"Liquid Tank",Insecticide,34,34,10.1,OP003,2025-09-23,47,3.1,7.2,Yes,Completed,REG-2025-OPQ-123,
D354,Infrastructure Inspection,Medium,ViewMax 500,SkyView Inc.,4,8,4.6,Sensor,"Vibration",107,40,12.5,OP002,2025-09-24,68,2.2,5.3,Yes,Completed,REG-2025-RST-456,
D355,Package Delivery,Medium,FlyHigh 300,AeroCorp,4,5,2.6,Package,"Fragile goods",71,25,7.2,OP015,2025-09-25,86,1.8,3.5,No,Completed,REG-2025-UVW-789,
D356,Aerial Photography,Small,SnapShot Mini,PhotoFly,4,1,0.3,Camera,"Telephoto",81,17,5.3,OP007,2025-09-26,98,1.3,2.4,No,Completed,REG-2025-XYZ-012,
D357,Agricultural Spraying,Large,CropMaster,AgriDrones,8,20,18.8,"Liquid Tank",Herbicide,26,32,9.2,OP003,2025-09-27,41,3.4,7.7,Yes,Completed,REG-2025-ABC-345,
D358,Infrastructure Inspection,Medium,ViewMax 500,SkyView Inc.,4,8,5.3,Camera,"Zoom",104,42,13.9,OP002,2025-09-28,62,2.5,5.7,Yes,Completed,REG-2025-DEF-678,
D359,Package Delivery,Small,SwiftWing,DeliveryNow,4,2,1.4,Package,"Gift",70,19,6.1,OP011,2025-09-29,94,1.5,2.8,No,Completed,REG-2025-GHI-901,
D360,Aerial Photography,Small,SnapShot Mini,PhotoFly,4,1,0.5,Camera,"Standard lens",87,20,5.7,OP004,2025-09-30,95,1.1,2.2,No,Completed,REG-2025-JKL-234,
D361,Agricultural Spraying,Large,CropMaster,AgriDrones,8,20,17.6,"Liquid Tank",Fungicide,33,33,10.5,OP003,2025-10-01,46,3.3,7.3,Yes,Completed,REG-2025-MNO-567,
D362,Infrastructure Inspection,Medium,ViewMax 500,SkyView Inc.,4,8,4.9,Sensor,"Acoustic",109,38,12.2,OP002,2025-10-02,69,2.1,5.4,Yes,Completed,REG-2025-OPQ-890,
D363,Package Delivery,Medium,FlyHigh 300,AeroCorp,4,5,2.1,Package,"Electronics",66,23,7.5,OP015,2025-10-03,89,1.7,3.1,No,Completed,REG-2025-RST-123,
D364,Aerial Photography,Small,SnapShot Mini,PhotoFly,4,1,0.7,Camera,"Wide lens",82,18,5.9,OP007,2025-10-04,97,1.2,2.5,No,Completed,REG-2025-UVW-456,
D365,Agricultural Spraying,Large,CropMaster,AgriDrones,8,20,18.2,"Liquid Tank",Insecticide,28,35,9.8,OP003,2025-10-05,43,3.5,7.6,Yes,Completed,REG-2025-XYZ-789,
D366,Infrastructure Inspection,Medium,ViewMax 500,SkyView Inc.,4,8,5.5,Camera,"Thermal",103,41,13.1,OP002,2025-10-06,64,2.4,5.2,Yes,Completed,REG-2025-ABC-012,
D367,Package Delivery,Small,SwiftWing,DeliveryNow,4,2,1.3,Package,"Clothing",73,19,6.1,OP011,2025-10-07,92,1.4,2.7,No,Completed,REG-2025-DEF-345,
D368,Aerial Photography,Small,SnapShot Mini,PhotoFly,4,1,0.6,Camera,"Zoom",85,20,5.5,OP004,2025-10-08,96,1.3,2.3,No,Completed,REG-2025-GHI-678,
D369,Agricultural Spraying,Large,CropMaster,AgriDrones,8,20,19.1,"Liquid Tank",Herbicide,31,33,9.5,OP003,2025-10-09,40,3.3,7.9,Yes,Completed,REG-2025-JKL-901,
D370,Infrastructure Inspection,Medium,ViewMax 500,SkyView Inc.,4,8,4.7,Sensor,"Gas",106,39,12.8,OP002,2025-10-10,67,2.2,5.5,Yes,Completed,REG-2025-MNO-234,
D371,Package Delivery,Medium,FlyHigh 300,AeroCorp,4,5,2.2,Package,"Documents",69,24,7.9,OP015,2025-10-11,87,1.8,3.4,No,Completed,REG-2025-OPQ-567,
D372,Aerial Photography,Small,SnapShot Mini,PhotoFly,4,1,0.4,Camera,"ND filter",88,17,5.2,OP007,2025-10-12,99,1.1,2.1,No,Completed,REG-2025-RST-890,
D373,Agricultural Spraying,Large,CropMaster,AgriDrones,8,20,17.8,"Liquid Tank",Fungicide,34,34,10.2,OP003,2025-10-13,45,3.4,7.7,Yes,Completed,REG-2025-UVW-123,
D374,Infrastructure Inspection,Medium,ViewMax 500,SkyView Inc.,4,8,5.1,Camera,"Visual",104,40,13.5,OP002,2025-10-14,63,2.3,5.1,Yes,Completed,REG-2025-XYZ-456,
D375,Package Delivery,Small,SwiftWing,DeliveryNow,4,2,1.5,Package,"Electronics",71,18,6.3,OP011,2025-10-15,90,1.5,2.8,No,Completed,REG-2025-ABC-789,
D376,Aerial Photography,Small,SnapShot Mini,PhotoFly,4,1,0.7,Camera,"Wide angle",83,19,5.6,OP004,2025-10-16,93,1.2,2.4,No,Completed,REG-2025-DEF-901,
D377,Agricultural Spraying,Large,CropMaster,AgriDrones,8,20,18.5,"Liquid Tank",Insecticide,29,32,9.9,OP003,2025-10-17,44,3.2,7.5,Yes,Completed,REG-2025-GHI-234,
D378,Infrastructure Inspection,Medium,ViewMax 500,SkyView Inc.,4,8,4.6,Sensor,"Temperature",107,42,12.8,OP002,2025-10-18,66,2.4,5.3,Yes,Completed,REG-2025-JKL-567,
D379,Package Delivery,Medium,FlyHigh 300,AeroCorp,4,5,2.4,Package,"Small items",72,25,7.1,OP015,2025-10-19,86,1.9,3.2,No,Completed,REG-2025-MNO-890,
D380,Aerial Photography,Small,SnapShot Mini,PhotoFly,4,1,0.2,Camera,"Telephoto",89,21,6.5,OP007,2025-10-20,97,1.3,2.5,No,Completed,REG-2025-OPQ-123,
D381,Agricultural Spraying,Large,CropMaster,AgriDrones,8,20,17.2,"Liquid Tank",Herbicide,32,31,10.5,OP003,2025-10-21,41,3.1,7.4,Yes,Completed,REG-2025-RST-456,
D382,Infrastructure Inspection,Medium,ViewMax 500,SkyView Inc.,4,8,5.1,Camera,"Infrared",104,38,13.2,OP002,2025-10-22,69,2.2,5.1,Yes,Completed,REG-2025-UVW-789,
D383,Package Delivery,Small,SwiftWing,DeliveryNow,4,2,1.1,Package,"Documents",70,17,5.8,OP011,2025-10-23,93,1.6,2.8,No,Completed,REG-2025-XYZ-012,
D384,Aerial Photography,Small,SnapShot Mini,PhotoFly,4,1,0.5,Camera,"Standard",83,20,5.9,OP004,2025-10-24,95,1.1,2.3,No,Completed,REG-2025-ABC-345,
D385,Agricultural Spraying,Large,CropMaster,AgriDrones,8,20,18.9,"Liquid Tank",Fungicide,27,35,9.8,OP003,2025-10-25,44,3.5,7.7,Yes,Completed,REG-2025-DEF-678,
D386,Infrastructure Inspection,Medium,ViewMax 500,SkyView Inc.,4,8,4.8,Sensor,"Pressure",108,41,12.5,OP002,2025-10-26,67,2.3,5.4,Yes,Completed,REG-2025-GHI-901,
D387,Package Delivery,Medium,FlyHigh 300,AeroCorp,4,5,2.7,Package,"Consumer goods",68,22,7.1,OP015,2025-10-27,88,1.7,3.5,No,Completed,REG-2025-JKL-234,
D388,Aerial Photography,Small,SnapShot Mini,PhotoFly,4,1,0.3,Camera,"Zoom lens",81,19,5.2,OP007,2025-10-28,96,1.2,2.1,No,Completed,REG-2025-MNO-567,
D389,Agricultural Spraying,Large,CropMaster,AgriDrones,8,20,19.3,"Liquid Tank",Insecticide,30,32,10.8,OP003,2025-10-29,42,3.3,7.6,Yes,Completed,REG-2025-OPQ-890,
D390,Infrastructure Inspection,Medium,ViewMax 500,SkyView Inc.,4,8,5.6,Camera,"High-res",105,39,13.8,OP002,2025-10-30,65,2.4,5.2,Yes,Completed,REG-2025-RST-123,
D391,Package Delivery,Small,SwiftWing,DeliveryNow,4,2,1.4,Package,"Small package",72,16,6.2,OP011,2025-10-31,91,1.4,2.9,No,Completed,REG-2025-UVW-456,
D392,Aerial Photography,Small,SnapShot Mini,PhotoFly,4,1,0.9,Camera,"Wide angle",86,20,5.5,OP004,2025-11-01,94,1.1,2.3,No,Completed,REG-2025-XYZ-789,
D393,Agricultural Spraying,Large,CropMaster,AgriDrones,8,20,17.5,"Liquid Tank",Herbicide,33,34,10.1,OP003,2025-11-02,47,3.1,7.1,Yes,Completed,REG-2025-ABC-012,
D394,Infrastructure Inspection,Medium,ViewMax 500,SkyView Inc.,4,8,4.7,Sensor,"Vibration",109,40,12.5,OP002,2025-11-03,68,2.2,5.5,Yes,Completed,REG-2025-DEF-345,
D395,Package Delivery,Medium,FlyHigh 300,AeroCorp,4,5,2.3,Package,"Fragile goods",70,25,7.9,OP015,2025-11-04,83,1.8,3.4,No,Completed,REG-2025-GHI-678,
D396,Aerial Photography,Small,SnapShot Mini,PhotoFly,4,1,0.2,Camera,"Telephoto",84,17,5.3,OP007,2025-11-05,97,1.3,2.2,No,Completed,REG-2025-JKL-901,
D397,Agricultural Spraying,Large,CropMaster,AgriDrones,8,20,18.1,"Liquid Tank",Fungicide,29,32,9.2,OP003,2025-11-06,40,3.4,7.8,Yes,Completed,REG-2025-MNO-234,
D398,Infrastructure Inspection,Medium,ViewMax 500,SkyView Inc.,4,8,5.4,Camera,"Zoom",106,42,13.9,OP002,2025-11-07,62,2.5,5.7,Yes,Completed,REG-2025-OPQ-567,
D399,Package Delivery,Small,SwiftWing,DeliveryNow,4,2,1.5,Package,"Gift",71,19,6.5,OP011,2025-11-08,92,1.5,2.9,No,Completed,REG-2025-RST-890,
D400,Aerial Photography,Small,SnapShot Mini,PhotoFly,4,1,0.6,Camera,"Standard lens",85,20,5.7,OP004,2025-11-09,94,1.1,2.1,No,Completed,REG-2025-UVW-123,
D401,Agricultural Spraying,Large,CropMaster,AgriDrones,8,20,17.8,"Liquid Tank",Insecticide,32,33,10.5,OP003,2025-11-10,45,3.3,7.3,Yes,Completed,REG-2025-XYZ-456,
D402,Infrastructure Inspection,Medium,ViewMax 500,SkyView Inc.,4,8,4.9,Sensor,"Acoustic",108,38,12.2,OP002,2025-11-11,69,2.1,5.4,Yes,Completed,REG-2025-ABC-789,
D403,Package Delivery,Medium,FlyHigh 300,AeroCorp,4,5,2.6,Package,"Electronics",67,23,7.2,OP015,2025-11-12,84,1.8,3.2,No,Completed,REG-2025-DEF-901,
D404,Aerial Photography,Small,SnapShot Mini,PhotoFly,4,1,0.3,Camera,"Wide lens",89,18,5.9,OP007,2025-11-13,97,1.2,2.4,No,Completed,REG-2025-GHI-234,
D405,Agricultural Spraying,Large,CropMaster,AgriDrones,8,20,19.1,"Liquid Tank",Herbicide,30,32,10.8,OP003,2025-11-14,42,3.3,7.5,Yes,Completed,REG-2025-JKL-567,
D406,Infrastructure Inspection,Medium,ViewMax 500,SkyView Inc.,4,8,5.5,Camera,"High-res",103,39,13.8,OP002,2025-11-15,65,2.4,5.6,Yes,Completed,REG-2025-MNO-890,
D407,Package Delivery,Small,SwiftWing,DeliveryNow,4,2,1.2,Package,"Small package",73,16,6.5,OP011,2025-11-16,90,1.4,2.9,No,Completed,REG-2025-OPQ-123,
D408,Aerial Photography,Small,SnapShot Mini,PhotoFly,4,1,0.8,Camera,"Wide angle",86,20,5.8,OP004,2025-11-17,93,1.1,2.1,No,Completed,REG-2025-RST-456,
D409,Agricultural Spraying,Large,CropMaster,AgriDrones,8,20,17.1,"Liquid Tank",Fungicide,34,34,10.1,OP003,2025-11-18,47,3.1,7.2,Yes,Completed,REG-2025-UVW-789,
D410,Infrastructure Inspection,Medium,ViewMax 500,SkyView Inc.,4,8,4.6,Sensor,"Vibration",107,40,12.5,OP002,2025-11-19,68,2.2,5.3,Yes,Completed,REG-2025-XYZ-012,
D411,Package Delivery,Medium,FlyHigh 300,AeroCorp,4,5,2.3,Package,"Fragile goods",70,25,7.9,OP015,2025-11-20,83,1.8,3.4,No,Completed,REG-2025-ABC-345,
D412,Aerial Photography,Small,SnapShot Mini,PhotoFly,4,1,0.2,Camera,"Telephoto",84,17,5.3,OP007,2025-11-21,97,1.3,2.2,No,Completed,REG-2025-DEF-678,
D413,Agricultural Spraying,Large,CropMaster,AgriDrones,8,20,18.8,"Liquid Tank",Insecticide,29,32,9.2,OP003,2025-11-22,40,3.4,7.8,Yes,Completed,REG-2025-GHI-901,
D414,Infrastructure Inspection,Medium,ViewMax 500,SkyView Inc.,4,8,5.4,Camera,"Zoom",106,42,13.9,OP002,2025-11-23,62,2.5,5.7,Yes,Completed,REG-2025-JKL-234,
D415,Package Delivery,Small,SwiftWing,DeliveryNow,4,2,1.5,Package,"Gift",71,19,6.5,OP011,2025-11-24,92,1.5,2.9,No,Completed,REG-2025-MNO-567,
D416,Aerial Photography,Small,SnapShot Mini,PhotoFly,4,1,0.6,Camera,"Standard lens",85,20,5.7,OP004,2025-11-25,94,1.1,2.1,No,Completed,REG-2025-OPQ-890,
D417,Agricultural Spraying,Large,CropMaster,AgriDrones,8,20,17.8,"Liquid Tank",Herbicide,32,33,10.5,OP003,2025-11-26,45,3.3,7.3,Yes,Completed,REG-2025-RST-123,
D418,Infrastructure Inspection,Medium,ViewMax 500,SkyView Inc.,4,8,4.9,Sensor,"Acoustic",108,38,12.2,OP002,2025-11-27,69,2.1,5.4,Yes,Completed,REG-2025-UVW-456,
D419,Package Delivery,Medium,FlyHigh 300,AeroCorp,4,5,2.6,Package,"Electronics",67,23,7.2,OP015,2025-11-28,84,1.8,3.2,No,Completed,REG-2025-XYZ-789,
D420,Aerial Photography,Small,SnapShot Mini,PhotoFly,4,1,0.3,Camera,"Wide lens",89,18,5.9,OP007,2025-11-29,97,1.2,2.4,No,Completed,REG-2025-ABC-012,
D421,Agricultural Spraying,Large,CropMaster,AgriDrones,8,20,19.1,"Liquid Tank",Fungicide,31,35,9.8,OP003,2025-11-30,40,3.5,7.9,Yes,Completed,REG-2025-DEF-345,
D422,Infrastructure Inspection,Medium,ViewMax 500,SkyView Inc.,4,8,5.5,Camera,"Thermal",102,41,13.5,OP002,2025-12-01,63,2.3,5.1,Yes,Completed,REG-2025-GHI-678,
D423,Package Delivery,Small,SwiftWing,DeliveryNow,4,2,1.2,Package,"Clothing",72,19,6.3,OP011,2025-12-02,91,1.4,2.8,No,Completed,REG-2025-JKL-901,
D424,Aerial Photography,Small,SnapShot Mini,PhotoFly,4,1,0.6,Camera,"Zoom",85,20,5.9,OP004,2025-12-03,94,1.3,2.5,No,Completed,REG-2025-MNO-234,
D425,Agricultural Spraying,Large,CropMaster,AgriDrones,8,20,19.2,"Liquid Tank",Insecticide,29,33,9.8,OP003,2025-12-04,43,3.3,7.6,Yes,Completed,REG-2025-OPQ-567,
D426,Infrastructure Inspection,Medium,ViewMax 500,SkyView Inc.,4,8,4.8,Sensor,"Gas",108,39,12.1,OP002,2025-12-05,69,2.2,5.1,Yes,Completed,REG-2025-RST-890,
D427,Package Delivery,Medium,FlyHigh 300,AeroCorp,4,5,2.5,Package,"Documents",68,24,7.1,OP015,2025-12-06,85,1.8,3.4,No,Completed,REG-2025-UVW-123,
D428,Aerial Photography,Small,SnapShot Mini,PhotoFly,4,1,0.3,Camera,"ND filter",82,17,5.5,OP007,2025-12-07,97,1.1,2.2,No,Completed,REG-2025-XYZ-456,
D429,Agricultural Spraying,Large,CropMaster,AgriDrones,8,20,17.9,"Liquid Tank",Herbicide,32,34,10.5,OP003,2025-12-08,40,3.4,7.8,Yes,Completed,REG-2025-ABC-789,
D430,Infrastructure Inspection,Medium,ViewMax 500,SkyView Inc.,4,8,5.4,Camera,"Visual",105,40,13.2,OP002,2025-12-09,64,2.3,5.5,Yes,Completed,REG-2025-DEF-901,
D431,Package Delivery,Small,SwiftWing,DeliveryNow,4,2,1.1,Package,"Electronics",70,18,6.1,OP011,2025-12-10,93,1.5,2.9,No,Completed,REG-2025-GHI-234,
D432,Aerial Photography,Small,SnapShot Mini,PhotoFly,4,1,0.7,Camera,"Wide angle",87,19,5.7,OP004,2025-12-11,95,1.2,2.3,No,Completed,REG-2025-JKL-567,
D433,Agricultural Spraying,Large,CropMaster,AgriDrones,8,20,18.8,"Liquid Tank",Fungicide,28,32,9.5,OP003,2025-12-12,42,3.2,7.7,Yes,Completed,REG-2025-MNO-890,
D434,Infrastructure Inspection,Medium,ViewMax 500,SkyView Inc.,4,8,4.9,Sensor,"Temperature",109,42,12.8,OP002,2025-12-13,70,2.4,5.2,Yes,Completed,REG-2025-OPQ-123,
D435,Package Delivery,Medium,FlyHigh 300,AeroCorp,4,5,2.8,Package,"Small items",69,25,7.5,OP015,2025-12-14,88,1.9,3.3,No,Completed,REG-2025-RST-456,
D436,Aerial Photography,Small,SnapShot Mini,PhotoFly,4,1,0.5,Camera,"Telephoto",83,21,6.2,OP007,2025-12-15,96,1.3,2.4,No,Completed,REG-2025-UVW-789,
D437,Agricultural Spraying,Large,CropMaster,AgriDrones,8,20,17.5,"Liquid Tank",Insecticide,33,31,10.2,OP003,2025-12-16,45,3.1,7.4,Yes,Completed,REG-2025-XYZ-012,
D438,Infrastructure Inspection,Medium,ViewMax 500,SkyView Inc.,4,8,5.2,Camera,"Infrared",106,38,13.1,OP002,2025-12-17,63,2.2,5.4,Yes,Completed,REG-2025-ABC-345,
D439,Package Delivery,Small,SwiftWing,DeliveryNow,4,2,1.3,Package,"Documents",71,17,5.9,OP011,2025-12-18,92,1.6,2.7,No,Completed,REG-2025-DEF-678,
D440,Aerial Photography,Small,SnapShot Mini,PhotoFly,4,1,0.6,Camera,"Standard",86,20,5.8,OP004,2025-12-19,94,1.1,2.1,No,Completed,REG-2025-GHI-901,
D441,Agricultural Spraying,Large,CropMaster,AgriDrones,8,20,18.1,"Liquid Tank",Herbicide,27,35,9.9,OP003,2025-12-20,44,3.5,7.8,Yes,Completed,REG-2025-JKL-234,
D442,Infrastructure Inspection,Medium,ViewMax 500,SkyView Inc.,4,8,4.7,Sensor,"Pressure",110,41,12.5,OP002,2025-12-21,68,2.3,5.1,Yes,Completed,REG-2025-MNO-567,
D443,Package Delivery,Medium,FlyHigh 300,AeroCorp,4,5,2.9,Package,"Consumer goods",67,22,7.3,OP015,2025-12-22,87,1.7,3.2,No,Completed,REG-2025-OPQ-890,
D444,Aerial Photography,Small,SnapShot Mini,PhotoFly,4,1,0.4,Camera,"Zoom lens",84,19,5.2,OP007,2025-12-23,95,1.2,2.3,No,Completed,REG-2025-RST-123,
D445,Agricultural Spraying,Large,CropMaster,AgriDrones,8,20,19.5,"Liquid Tank",Fungicide,30,32,10.8,OP003,2025-12-24,42,3.3,7.5,Yes,Completed,REG-2025-UVW-456,
D446,Infrastructure Inspection,Medium,ViewMax 500,SkyView Inc.,4,8,5.5,Camera,"High-res",103,39,13.8,OP002,2025-12-25,65,2.4,5.6,Yes,Completed,REG-2025-XYZ-789,
D447,Package Delivery,Small,SwiftWing,DeliveryNow,4,2,1.2,Package,"Small package",73,16,6.5,OP011,2025-12-26,90,1.4,2.9,No,Completed,REG-2025-ABC-012,
D448,Aerial Photography,Small,SnapShot Mini,PhotoFly,4,1,0.8,Camera,"Wide angle",89,20,5.8,OP004,2025-12-27,93,1.1,2.1,No,Completed,REG-2025-DEF-345,
D449,Agricultural Spraying,Large,CropMaster,AgriDrones,8,20,17.1,"Liquid Tank",Insecticide,34,34,10.1,OP003,2025-12-28,47,3.1,7.2,Yes,Completed,REG-2025-GHI-678,
D450,Infrastructure Inspection,Medium,ViewMax 500,SkyView Inc.,4,8,4.6,Sensor,"Vibration",107,40,12.5,OP002,2025-12-29,68,2.2,5.3,Yes,Completed,REG-2025-JKL-901,
D451,Package Delivery,Medium,FlyHigh 300,AeroCorp,4,5,2.6,Package,"Fragile goods",71,25,7.2,OP015,2025-12-30,86,1.8,3.5,No,Completed,REG-2025-MNO-234,
D452,Aerial Photography,Small,SnapShot Mini,PhotoFly,4,1,0.3,Camera,"Telephoto",81,17,5.3,OP007,2025-12-31,98,1.3,2.4,No,Completed,REG-2025-OPQ-567,
D453,Agricultural Spraying,Large,CropMaster,AgriDrones,8,20,18.8,"Liquid Tank",Herbicide,26,32,9.2,OP003,2026-01-01,41,3.4,7.7,Yes,Completed,REG-2025-RST-890,
D454,Infrastructure Inspection,Medium,ViewMax 500,SkyView Inc.,4,8,5.3,Camera,"Zoom",104,42,13.9,OP002,2026-01-02,62,2.5,5.7,Yes,Completed,REG-2025-UVW-123,
D455,Package Delivery,Small,SwiftWing,DeliveryNow,4,2,1.4,Package,"Gift",70,19,6.1,OP011,2026-01-03,94,1.5,2.8,No,Completed,REG-2025-XYZ-456,
D456,Aerial Photography,Small,SnapShot Mini,PhotoFly,4,1,0.5,Camera,"Standard lens",87,20,5.7,OP004,2026-01-04,95,1.1,2.2,No,Completed,REG-2025-ABC-789,
D457,Agricultural Spraying,Large,CropMaster,AgriDrones,8,20,17.6,"Liquid Tank",Fungicide,33,33,10.5,OP003,2026-01-05,46,3.3,7.3,Yes,Completed,REG-2025-DEF-901,
D458,Infrastructure Inspection,Medium,ViewMax 500,SkyView Inc.,4,8,4.9,Sensor,"Acoustic",109,38,12.2,OP002,2026-01-06,69,2.1,5.4,Yes,Completed,REG-2025-GHI-234,
D459,Package Delivery,Medium,FlyHigh 300,AeroCorp,4,5,2.1,Package,"Electronics",66,23,7.5,OP015,2026-01-07,89,1.7,3.1,No,Completed,REG-2025-JKL-567,
D460,Aerial Photography,Small,SnapShot Mini,PhotoFly,4,1,0.7,Camera,"Wide lens",82,18,5.9,OP007,2026-01-08,97,1.2,2.5,No,Completed,REG-2025-MNO-890,
D461,Agricultural Spraying,Large,CropMaster,AgriDrones,8,20,18.2,"Liquid Tank",Insecticide,28,35,9.8,OP003,2026-01-09,43,3.5,7.6,Yes,Completed,REG-2025-OPQ-123,
D462,Infrastructure Inspection,Medium,ViewMax 500,SkyView Inc.,4,8,5.5,Camera,"Thermal",103,41,13.1,OP002,2026-01-10,64,2.4,5.2,Yes,Completed,REG-2025-RST-456,
D463,Package Delivery,Small,SwiftWing,DeliveryNow,4,2,1.3,Package,"Clothing",73,19,6.1,OP011,2026-01-11,92,1.4,2.7,No,Completed,REG-2025-UVW-789,
D464,Aerial Photography,Small,SnapShot Mini,PhotoFly,4,1,0.6,Camera,"Zoom",85,20,5.5,OP004,2026-01-12,96,1.3,2.3,No,Completed,REG-2025-XYZ-012,
D465,Agricultural Spraying,Large,CropMaster,AgriDrones,8,20,19.1,"Liquid Tank",Herbicide,31,33,9.5,OP003,2026-01-13,40,3.3,7.9,Yes,Completed,REG-2025-ABC-345,
D466,Infrastructure Inspection,Medium,ViewMax 500,SkyView Inc.,4,8,4.7,Sensor,"Gas",106,39,12.8,OP002,2026-01-14,67,2.2,5.5,Yes,Completed,REG-2025-DEF-678,
D467,Package Delivery,Medium,FlyHigh 300,AeroCorp,4,5,2.9,Package,"Consumer goods",67,22,7.3,OP015,2026-01-15,87,1.7,3.2,No,Completed,REG-2025-GHI-901,
D468,Aerial Photography,Small,SnapShot Mini,PhotoFly,4,1,0.4,Camera,"Zoom lens",84,19,5.2,OP007,2026-01-16,95,1.2,2.3,No,Completed,REG-2025-JKL-234,
D469,Agricultural Spraying,Large,CropMaster,AgriDrones,8,20,19.5,"Liquid Tank",Fungicide,30,32,10.8,OP003,2026-01-17,42,3.3,7.5,Yes,Completed,REG-2025-MNO-567,
D470,Infrastructure Inspection,Medium,ViewMax 500,SkyView Inc.,4,8,5.5,Camera,"High-res",103,39,13.8,OP002,2026-01-18,65,2.4,5.6,Yes,Completed,REG-2025-OPQ-890,
D471,Package Delivery,Small,SwiftWing,DeliveryNow,4,2,1.2,Package,"Small package",73,16,6.5,OP011,2026-01-19,90,1.4,2.9,No,Completed,REG-2025-RST-123,
D472,Aerial Photography,Small,SnapShot Mini,PhotoFly,4,1,0.8,Camera,"Wide angle",89,20,5.8,OP004,2026-01-20,93,1.1,2.1,No,Completed,REG-2025-UVW-456,
D473,Agricultural Spraying,Large,CropMaster,AgriDrones,8,20,17.1,"Liquid Tank",Insecticide,34,34,10.1,OP003,2026-01-21,47,3.1,7.2,Yes,Completed,REG-2025-XYZ-789,
D474,Infrastructure Inspection,Medium,ViewMax 500,SkyView Inc.,4,8,4.6,Sensor,"Vibration",107,40,12.5,OP002,2026-01-22,68,2.2,5.3,Yes,Completed,REG-2025-ABC-012,
D475,Package Delivery,Medium,FlyHigh 300,AeroCorp,4,5,2.6,Package,"Fragile goods",71,25,7.2,OP015,2026-01-23,86,1.8,3.5,No,Completed,REG-2025-DEF-345,
D476,Aerial Photography,Small,SnapShot Mini,PhotoFly,4,1,0.3,Camera,"Telephoto",81,17,5.3,OP007,2026-01-24,98,1.3,2.4,No,Completed,REG-2025-GHI-678,
D477,Agricultural Spraying,Large,CropMaster,AgriDrones,8,20,18.8,"Liquid Tank",Herbicide,26,32,9.2,OP003,2026-01-25,41,3.4,7.7,Yes,Completed,REG-2025-JKL-901,
D478,Infrastructure Inspection,Medium,ViewMax 500,SkyView Inc.,4,8,5.3,Camera,"Zoom",104,42,13.9,OP002,2026-01-26,62,2.5,5.7,Yes,Completed,REG-2025-MNO-234,
D479,Package Delivery,Small,SwiftWing,DeliveryNow,4,2,1.4,Package,"Gift",70,19,6.1,OP011,2026-01-27,94,1.5,2.8,No,Completed,REG-2025-OPQ-567,
D480,Aerial Photography,Small,SnapShot Mini,PhotoFly,4,1,0.5,Camera,"Standard lens",87,20,5.7,OP004,2026-01-28,95,1.1,2.2,No,Completed,REG-2025-RST-890,
D481,Agricultural Spraying,Large,CropMaster,AgriDrones,8,20,17.6,"Liquid Tank",Fungicide,33,33,10.5,OP003,2026-01-29,46,3.3,7.3,Yes,Completed,REG-2025-UVW-123,
D482,Infrastructure Inspection,Medium,ViewMax 500,SkyView Inc.,4,8,4.9,Sensor,"Acoustic",109,38,12.2,OP002,2026-01-30,69,2.1,5.4,Yes,Completed,REG-2025-XYZ-456,
D483,Package Delivery,Medium,FlyHigh 300,AeroCorp,4,5,2.1,Package,"Electronics",66,23,7.5,OP015,2026-01-31,89,1.7,3.1,No,Completed,REG-2025-ABC-789,
D484,Aerial Photography,Small,SnapShot Mini,PhotoFly,4,1,0.7,Camera,"Wide lens",82,18,5.9,OP007,2026-02-01,97,1.2,2.5,No,Completed,REG-2025-DEF-901,
D485,Agricultural Spraying,Large,CropMaster,AgriDrones,8,20,18.2,"Liquid Tank",Insecticide,28,35,9.8,OP003,2026-02-02,43,3.5,7.6,Yes,Completed,REG-2025-GHI-234,
D486,Infrastructure Inspection,Medium,ViewMax 500,SkyView Inc.,4,8,5.5,Camera,"Thermal",103,41,13.1,OP002,2026-02-03,64,2.4,5.2,Yes,Completed,REG-2025-JKL-567,
D487,Package Delivery,Small,SwiftWing,DeliveryNow,4,2,1.3,Package,"Clothing",73,19,6.1,OP011,2026-02-04,92,1.4,2.7,No,Completed,REG-2025-MNO-890,
D488,Aerial Photography,Small,SnapShot Mini,PhotoFly,4,1,0.6,Camera,"Zoom",85,20,5.5,OP004,2026-02-05,96,1.3,2.3,No,Completed,REG-2025-OPQ-123,
D489,Agricultural Spraying,Large,CropMaster,AgriDrones,8,20,19.1,"Liquid Tank",Herbicide,31,33,9.5,OP003,2026-02-06,40,3.3,7.9,Yes,Completed,REG-2025-RST-456,
D490,Infrastructure Inspection,Medium,ViewMax 500,SkyView Inc.,4,8,4.7,Sensor,"Gas",106,39,12.8,OP002,2026-02-07,67,2.2,5.5,Yes,Completed,REG-2025-UVW-789,
D491,Package Delivery,Medium,FlyHigh 300,AeroCorp,4,5,2.2,Package,"Documents",69,24,7.9,OP015,2026-02-08,87,1.8,3.4,No,Completed,REG-2025-XYZ-012,
D492,Aerial Photography,Small,SnapShot Mini,PhotoFly,4,1,0.4,Camera,"ND filter",88,17,5.2,OP007,2026-02-09,99,1.1,2.1,No,Completed,REG-2025-ABC-345,
D493,Agricultural Spraying,Large,CropMaster,AgriDrones,8,20,17.8,"Liquid Tank",Fungicide,34,34,10.2,OP003,2026-02-10,45,3.4,7.7,Yes,Completed,REG-2025-DEF-678,
D494,Infrastructure Inspection,Medium,ViewMax 500,SkyView Inc.,4,8,5.1,Camera,"Visual",104,40,13.5,OP002,2026-02-11,63,2.3,5.1,Yes,Completed,REG-2025-GHI-901,
D495,Package Delivery,Small,SwiftWing,DeliveryNow,4,2,1.5,Package,"Electronics",71,18,6.3,OP011,2026-02-12,90,1.5,2.8,No,Completed,REG-2025-JKL-234,
D496,Aerial Photography,Small,SnapShot Mini,PhotoFly,4,1,0.7,Camera,"Wide angle",83,19,5.6,OP004,2026-02-13,93,1.2,2.4,No,Completed,REG-2025-MNO-567,
D497,Agricultural Spraying,Large,CropMaster,AgriDrones,8,20,18.5,"Liquid Tank",Insecticide,29,32,9.9,OP003,2026-02-14,44,3.2,7.5,Yes,Completed,REG-2025-OPQ-890,
D498,Infrastructure Inspection,Medium,ViewMax 500,SkyView Inc.,4,8,4.6,Sensor,"Temperature",107,42,12.8,OP002,2026-02-15,66,2.4,5.3,Yes,Completed,REG-2025-RST-123,
D499,Package Delivery,Medium,FlyHigh 300,AeroCorp,4,5,2.4,Package,"Small items",72,25,7.1,OP015,2026-02-16,86,1.9,3.2,No,Completed,REG-2025-UVW-456,
D500,Aerial Photography,Small,SnapShot Mini,PhotoFly,4,1,0.2,Camera,"Telephoto",89,21,6.5,OP007,2026-02-17,97,1.3,2.5,No,Completed,REG-2025-XYZ-789,
D501,Agricultural Spraying,Large,CropMaster,AgriDrones,8,20,17.2,"Liquid Tank",Herbicide,32,31,10.5,OP003,2026-02-18,41,3.1,7.4,Yes,Completed,REG-2025-ABC-012,
D502,Infrastructure Inspection,Medium,ViewMax 500,SkyView Inc.,4,8,5.1,Camera,"Infrared",104,38,13.2,OP002,2026-02-19,69,2.2,5.1,Yes,Completed,REG-2025-DEF-345,
D503,Package Delivery,Small,SwiftWing,DeliveryNow,4,2,1.1,Package,"Documents",70,17,5.8,OP011,2026-02-20,93,1.6,2.8,No,Completed,REG-2025-GHI-678,
D504,Aerial Photography,Small,SnapShot Mini,PhotoFly,4,1,0.5,Camera,"Standard",83,20,5.9,OP004,2026-02-21,95,1.1,2.3,No,Completed,REG-2025-JKL-901,
D505,Agricultural Spraying,Large,CropMaster,AgriDrones,8,20,18.9,"Liquid Tank",Fungicide,27,35,9.8,OP003,2026-02-22,44,3.5,7.7,Yes,Completed,REG-2025-MNO-234,
D506,Infrastructure Inspection,Medium,ViewMax 500,SkyView Inc.,4,8,4.8,Sensor,"Pressure",108,41,12.5,OP002,2026-02-23,67,2.3,5.4,Yes,Completed,REG-2025-OPQ-567,
D507,Package Delivery,Medium,FlyHigh 300,AeroCorp,4,5,2.7,Package,"Consumer goods",68,22,7.1,OP015,2026-02-24,88,1.7,3.5,No,Completed,REG-2025-RST-890,
D508,Aerial Photography,Small,SnapShot Mini,PhotoFly,4,1,0.3,Camera,"Zoom lens",81,19,5.2,OP007,2026-02-25,96,1.2,2.1,No,Completed,REG-2025-UVW-123,
D509,Agricultural Spraying,Large,CropMaster,AgriDrones,8,20,19.3,"Liquid Tank",Insecticide,30,32,10.8,OP003,2026-02-26,42,3.3,7.6,Yes,Completed,REG-2025-XYZ-456,
D510,Infrastructure Inspection,Medium,ViewMax 500,SkyView Inc.,4,8,5.6,Camera,"High-res",105,39,13.8,OP002,2026-02-27,65,2.4,5.2,Yes,Completed,REG-2025-ABC-789,
D511,Package Delivery,Small,SwiftWing,DeliveryNow,4,2,1.4,Package,"Small package",72,16,6.2,OP011,2026-02-28,91,1.4,2.9,No,Completed,REG-2025-DEF-901,
D512,Aerial Photography,Small,SnapShot Mini,PhotoFly,4,1,0.9,Camera,"Wide angle",86,20,5.5,OP004,2026-03-01,94,1.1,2.3,No,Completed,REG-2025-GHI-234,
D513,Agricultural Spraying,Large,CropMaster,AgriDrones,8,20,17.5,"Liquid Tank",Herbicide,33,34,10.1,OP003,2026-03-02,47,3.1,7.1,Yes,Completed,REG-2025-JKL-567,
D514,Infrastructure Inspection,Medium,ViewMax 500,SkyView Inc.,4,8,4.7,Sensor,"Vibration",109,40,12.5,OP002,2026-03-03,68,2.2,5.5,Yes,Completed,REG-2025-MNO-890,
D515,Package Delivery,Medium,FlyHigh 300,AeroCorp,4,5,2.3,Package,"Fragile goods",70,25,7.9,OP015,2026-03-04,83,1.8,3.4,No,Completed,REG-2025-OPQ-123,
D516,Aerial Photography,Small,SnapShot Mini,PhotoFly,4,1,0.2,Camera,"Telephoto",8444,17,5.3,OP007,2026-03-05,97,1.3,2.2,No,Completed,REG-2025-RST-456,
D517,Agricultural Spraying,Large,CropMaster,AgriDrones,8,20,18.1,"Liquid Tank",Fungicide,29,32,9.2,OP003,2026-03-06,40,3.4,7.8,Yes,Completed,REG-2025-UVW-789,
D518,Infrastructure Inspection,Medium,ViewMax 500,SkyView Inc.,4,8,5.4,Camera,"Zoom",106,42,13.9,OP002,2026-03-07,62,2.5,5.7,Yes,Completed,REG-2025-XYZ-012,
D619,Package Delivery,52,SwiftWing,DeliveryNow,4,2,1.5,Package,"Gift",71,19,6.5,OP011,2026-03-08,92,1.5,2.9,No,Completed,REG-2025-ABC-345,
D519,Package Delivery,Small,SwiftWing,DeliveryNow,4,2,1.5,Package,"Gift",71,19,6.5,OP011,2026-03-08,92,1.5,2.9,No,Completed,REG-2025-ABC-345,
D520,Aerial Photography,Small,SnapShot Mini,PhotoFly,4,1,0.6,Camera,"Standard lens",85,20,5.7,OP004,2026-03-09,94,1.1,2.1,No,Completed,REG-2025-DEF-678,
D521,Agricultural Spraying,Large,CropMaster,AgriDrones,8,20,17.8,"Liquid Tank",Insecticide,32,33,10.5,OP003,2026-03-10,45,3.3,7.3,Yes,Completed,REG-2025-GHI-901,
D522,Infrastructure Inspection,Medium,ViewMax 500,SkyView Inc.,4,8,4.9,Sensor,"Acoustic",108,38,12.2,OP002,2026-03-11,69,2.1,5.4,Yes,Completed,REG-2025-JKL-234,
D742,Aerial Photography,Small,SnapShot Mini,PhotoFly,4,1,0.4,Camera,"Standard lens",87,19,5.3,OP004,2026-09-21,95,1.2,2.2,No,Completed,REG-2026-DEF-567,
D743,Agricultural Spraying,Large,CropMaster,AgriDrones,8,20,18.1,"Liquid Tank",Herbicide,33,33,10.7,OP003,2026-09-22,42,3.4,7.6,Yes,Completed,REG-2026-GHI-890,
D744,Infrastructure Inspection,Medium,ViewMax 500,SkyView Inc.,4,8,5.2,Sensor,"Gas leak sensor",109,41,13.1,OP002,2026-09-23,66,2.3,5.1,Yes,Completed,REG-2026-JKL-123,
D745,Package Delivery,Small,SwiftWing,DeliveryNow,4,2,1.3,Package,"Electronics",71,17,5.9,OP011,2026-09-24,92,1.5,2.7,No,Completed,REG-2026-MNO-456,
D746,Aerial Photography,Small,SnapShot Mini,PhotoFly,4,1,0.7,Camera,"Zoom lens",84,20,5.8,OP004,2026-09-25,94,1.1,2.3,No,Completed,REG-2026-OPQ-789,
D747,Agricultural Spraying,Large,CropMaster,AgriDrones,8,20,18.8,"Liquid Tank",Fungicide,29,32,9.5,OP003,2026-09-26,44,3.2,7.7,Yes,Completed,REG-2026-RST-012,
D748,Infrastructure Inspection,Medium,ViewMax 500,SkyView Inc.,4,8,4.9,Camera,"High-resolution camera",107,42,12.8,OP002,2026-09-27,68,2.4,5.2,Yes,Completed,REG-2026-UVW-345,

D819,Package Delivery,523,SwiftWing,DeliveryNow,4,2,1.5,Package,"Gift",71,19,6.5,OP011,2026-03-08,92,1.5,12.9,No,Completed,REG-2025-ABC-345,
D749,Package Delivery,Medium,FlyHigh 300,AeroCorp,4,5,2.8,Package,"Small items",69,25,7.5,OP015,2026-09-28,88,1.9,3.3,No,Completed,REG-2026-XYZ-678,
D750,Aerial Photography,Small,SnapShot Mini,PhotoFly,4,1,0.5,Camera,"Wide-angle lens",83,21,6.2,OP004,2026-09-29,96,1.3,2.4,No,Completed,REG-2026-ABC-901,
D751,Agricultural Spraying,Large,CropMaster,AgriDrones,8,20,17.5,"Liquid Tank",Insecticide,33,31,10.2,OP003,2026-09-30,45,3.1,7.4,Yes,Completed,REG-2026-DEF-234,
D752,Infrastructure Inspection,Medium,ViewMax 500,SkyView Inc.,4,8,5.2,Sensor,"Temperature sensor",106,38,13.1,OP002,2026-10-01,63,2.2,5.4,Yes,Completed,REG-2026-GHI-567,